Player,Team,Accurate Long Balls per 90,Successful Long Balls (%),Accurate Passes per 90,Pass Success (%),Big Chances Created,Total Assists,Big Chances Missed,Clean Sheets,Goals Conceded,Successful Dribbles per 90,Dribble Success Rate (%),Clearances per 90,Total Clearances,Expected Assists (xA),Actual Assists,Expected Assists per 90,Actual Assists per 90,Expected Goals (xG),Expected Goals on Target (xGOT),Expected Goals per 90,Fouls Committed per 90,Goals Conceded per 90,Total Goals Conceded,Total Goals,Interceptions per 90,Total Interceptions,Shots on Target per 90,Shot Accuracy (%),Blocks per 90,Total Blocks,Penalties Conceded,Total Matches,Penalties Won,Fouls Won per 90,FotMob Rating,Player of the Match Awards,Possessions Won in Final 3rd per 90,Possessions Won Midfield per 90,Saves per 90,Total Saves,Tackles per 90,Tackle Success Rate (%),Assists,Secondary Assists,Goals,Penalties,Chances Created,Chances Created per 90,Shots per 90,Yellow Cards,Minutes,Matches,Country,Shot Conversion Rate (%),Actual Goals,Goals per 90,Red Cards
Aaron Wan-Bissaka,Manchester United,0.7,31.7,34.9,82.9,1.0,2.0,,,,0.9,65.4,2.7,54.0,1.4,2.0,0.07,0.1,0.1,0.0,0.01,0.9,,,,2.1,41.0,0.1,33.3,0.8,15.0,1.0,22.0,,,7.03,1.0,0.3,1.8,,,1.3,59.5,2.0,1.4,,,12.0,0.6,0.2,4.0,1781,22,ENG,0.0,0.0,0.0,0.0
Abdoulaye Doucouré,Everton,0.6,48.6,23.2,78.5,4.0,2.0,10.0,,,0.9,54.3,0.6,18.0,1.5,2.0,0.05,0.1,8.8,8.8,0.3,1.8,,,7.0,0.5,15.0,0.8,48.9,0.1,3.0,1.0,32.0,,,7.01,0.0,0.9,2.1,,,0.9,62.8,2.0,1.5,7.0,0.0,34.0,1.2,1.6,7.0,2637,32,MLI,14.9,7.0,0.24,0.0
Adam Smith,Bournemouth,1.0,18.9,24.7,77.1,2.0,2.0,,,,0.2,33.3,2.0,49.0,1.7,2.0,0.07,0.1,0.1,,0.0,1.3,,,,0.9,21.0,,,0.5,11.0,2.0,28.0,,,6.71,0.0,0.1,1.3,,,1.0,62.2,2.0,1.7,,,17.0,0.7,0.1,6.0,2156,28,ENG,0.0,0.0,0.0,0.0
Adam Webster,Brighton and Hove Albion,,,,,,,,,,,,,,0.3,0.0,,,0.6,,,,,,,,,,,,,,,,,,,,,,,,,,,,,5.0,0.4,,,1143,15,ENG,,0.0,,0.0
Adam Wharton,Crystal Palace,,,,,5.0,3.0,,,,,,,,1.5,3.0,,,0.3,0.0,,,,,,,,,,,,,,,,,,,,,,,,3.0,1.5,,,21.0,1.4,,,1305,16,ENG,,0.0,,0.0
Albert Sambi Lokonga,Luton Town,,,,,2.0,3.0,,,,,,,,0.8,3.0,,,0.6,0.6,,,,,,,,,,,,,,,,,,,,,,,,3.0,0.8,1.0,0.0,9.0,0.6,,,1308,17,BEL,,1.0,,0.0
Alejandro Garnacho,Manchester United,0.7,45.2,23.2,79.4,6.0,4.0,7.0,,,1.7,43.2,0.4,12.0,2.9,4.0,0.1,0.1,8.7,7.0,0.3,0.7,,,7.0,0.6,18.0,1.0,28.0,0.1,2.0,,,2.0,1.9,7.09,2.0,0.7,1.4,,,0.5,68.2,4.0,2.9,7.0,0.0,46.0,1.6,3.5,4.0,2573,36,ARG,7.0,7.0,0.24,0.0
Alex Iwobi,Fulham,1.5,48.8,31.7,81.6,5.0,2.0,2.0,,,1.5,54.8,0.2,6.0,4.3,2.0,0.17,0.1,5.7,6.1,0.22,0.5,,,5.0,0.6,15.0,0.8,36.4,,,,,,,7.06,2.0,0.8,2.4,,,0.7,58.1,2.0,4.3,5.0,0.0,53.0,2.0,2.1,2.0,2342,32,NGA,9.1,5.0,0.19,0.0
Alex Scott,Bournemouth,1.3,51.7,31.2,81.0,4.0,1.0,,,,1.2,39.4,1.5,17.0,1.1,1.0,0.09,0.1,0.7,0.9,0.06,1.8,,,1.0,1.1,12.0,0.4,26.7,0.4,4.0,,,,,6.65,1.0,0.9,2.5,,,1.3,62.5,1.0,1.1,1.0,0.0,22.0,2.0,1.3,3.0,1010,23,ENG,6.7,1.0,0.09,0.0
Alexander Isak,Newcastle United,0.4,66.7,15.1,80.0,5.0,2.0,21.0,,,1.7,60.0,0.5,12.0,2.8,2.0,0.11,0.1,20.3,22.8,0.81,0.6,,,21.0,0.2,6.0,1.7,55.1,0.0,1.0,,,1.0,0.6,7.37,4.0,0.5,0.8,,,,,2.0,2.8,21.0,5.0,27.0,1.1,3.1,1.0,2265,30,SWE,26.9,21.0,0.83,0.0
Alexis Mac Allister,Liverpool,2.1,57.5,58.4,87.8,3.0,5.0,2.0,,,0.6,60.0,0.9,25.0,4.9,5.0,0.17,0.2,3.7,4.4,0.13,1.8,,,5.0,1.2,35.0,0.3,20.5,0.3,8.0,,,,,7.51,3.0,0.8,3.4,,,1.9,55.6,5.0,4.9,5.0,1.0,47.0,1.6,1.5,7.0,2609,33,ARG,11.4,5.0,0.17,1.0
Alfie Doughty,Luton Town,2.0,39.1,25.1,75.2,10.0,8.0,2.0,,,1.0,57.9,1.1,36.0,5.4,8.0,0.17,0.2,1.3,1.6,0.04,0.9,,,2.0,0.9,31.0,0.2,30.8,0.3,9.0,,,,,7.16,2.0,0.3,1.8,,,1.2,63.5,8.0,5.4,2.0,0.0,70.0,2.1,0.8,5.0,2937,37,ENG,7.7,2.0,0.06,0.0
Alisson Becker,Liverpool,,,30.3,85.1,,,,8.0,30.0,,,0.8,21.0,0.0,0.0,0.0,0.0,,,,0.0,1.1,30.0,,,,,,,,,,,,6.7,0.0,,,3.0,83.0,,,,,,,1.0,0.0,,1.0,2520,28,BRA,,,,0.0
Alphonse Areola,West Ham United,,,14.2,59.3,,,,4.0,53.0,0.0,100.0,0.9,27.0,0.0,0.0,0.0,0.0,,,,0.1,1.8,53.0,,0.0,1.0,,,,,2.0,31.0,,,6.94,4.0,,,4.6,138.0,0.0,100.0,,,,,,,,1.0,2699,31,FRA,,,,0.0
Amadou Onana,Everton,2.6,70.9,37.4,84.9,4.0,0.0,1.0,,,0.5,60.0,1.3,30.0,1.4,0.0,0.06,0.0,2.0,0.8,0.09,1.6,,,2.0,0.9,21.0,0.3,20.7,0.3,6.0,1.0,30.0,,,7.04,1.0,0.7,3.6,,,1.6,53.5,,,2.0,0.0,18.0,0.8,1.2,5.0,2090,30,BEL,6.9,2.0,0.09,0.0
Amari'i Bell,Luton Town,1.5,31.5,32.8,79.6,,,1.0,,,0.5,40.0,2.9,55.0,0.5,0.0,0.03,0.0,0.3,0.8,0.01,1.1,,,,1.3,25.0,0.1,100.0,0.8,15.0,,,,,6.58,0.0,0.2,1.8,,,1.7,66.0,,,,,8.0,0.4,0.1,0.0,1722,21,JAM,0.0,0.0,0.0,
Ameen Al Dakhil,Burnley,,,,,,,,,,,,,,0.6,0.0,,,1.3,1.4,,,,,,,,,,,,1.0,13.0,,,,,,,,,,,,,1.0,0.0,2.0,0.2,,,1055,13,BEL,,1.0,,0.0
Andre Brooks,Sheffield United,0.3,14.3,18.2,77.0,,,1.0,,,1.1,52.2,1.3,14.0,0.3,0.0,0.03,0.0,0.4,0.1,0.04,1.1,,,,1.3,14.0,0.2,22.2,0.1,1.0,,,,,6.33,0.0,0.4,2.5,,,1.2,59.1,,,,,3.0,0.3,0.9,1.0,942,20,ENG,0.0,0.0,0.0,0.0
Andre Onana,Manchester United,,,25.4,70.4,,,,9.0,58.0,0.0,100.0,0.6,24.0,0.1,0.0,0.0,0.0,,,,0.0,1.5,58.0,,,,,,,,1.0,38.0,,,6.86,2.0,,,3.9,149.0,,,,,,,3.0,0.1,,5.0,3420,38,CMR,,,,0.0
Andreas Pereira,Fulham,1.7,46.7,28.6,78.8,9.0,7.0,3.0,,,0.6,46.3,0.4,11.0,5.7,7.0,0.19,0.2,4.6,4.4,0.16,0.8,,,3.0,0.1,4.0,0.5,30.8,0.1,2.0,,,,,6.89,2.0,0.8,1.6,,,0.4,48.0,7.0,5.7,3.0,0.0,84.0,2.9,1.8,6.0,2637,37,BRA,5.8,3.0,0.1,0.0
Andrew Robertson,Liverpool,2.5,49.0,58.1,87.7,10.0,2.0,,,,0.3,29.4,1.8,34.0,4.4,2.0,0.23,0.1,1.9,2.1,0.1,0.5,,,3.0,0.7,13.0,0.4,58.3,0.3,6.0,,,,,7.48,0.0,0.2,2.1,,,1.3,68.6,2.0,4.4,3.0,0.0,62.0,3.3,0.6,2.0,1691,23,SCO,25.0,3.0,0.16,0.0
Andros Townsend,Luton Town,1.1,42.9,20.8,80.2,2.0,3.0,,,,1.2,53.3,0.7,9.0,1.8,3.0,0.13,0.2,1.2,1.9,0.09,1.0,,,1.0,0.4,5.0,0.5,35.0,,,,,,,6.55,0.0,1.2,1.5,,,1.0,61.9,3.0,1.8,1.0,0.0,18.0,1.3,1.5,1.0,1209,27,ENG,5.0,1.0,0.07,0.0
Anel Ahmedhodzic,Sheffield United,1.6,31.5,24.5,75.6,1.0,0.0,4.0,,,0.4,55.0,4.6,134.0,0.6,0.0,0.02,0.0,3.2,2.0,0.11,1.2,,,2.0,1.2,34.0,0.2,26.3,0.9,26.0,,,,,6.19,0.0,0.0,1.1,,,1.2,56.3,,,2.0,0.0,7.0,0.2,0.6,9.0,2649,31,BIH,10.5,2.0,0.07,1.0
Anthony Elanga,Nottingham Forest,0.3,35.0,17.9,75.3,14.0,9.0,10.0,,,1.0,40.0,0.6,16.0,4.0,9.0,0.15,0.3,6.6,6.8,0.24,0.3,,,5.0,0.3,8.0,0.9,42.6,0.1,2.0,,,,,6.89,1.0,0.4,1.6,,,0.7,57.6,9.0,4.0,5.0,0.0,32.0,1.2,2.0,1.0,2434,36,SWE,9.3,5.0,0.18,0.0
Anthony Gordon,Newcastle United,0.9,56.9,23.4,81.8,16.0,10.0,9.0,,,1.7,48.6,0.1,4.0,5.6,10.0,0.17,0.3,10.2,9.1,0.32,1.2,,,11.0,0.2,7.0,1.0,38.3,,,,,6.0,2.1,7.51,3.0,0.9,1.4,,,1.1,61.8,10.0,5.6,11.0,1.0,57.0,1.8,2.5,10.0,2898,35,ENG,13.6,11.0,0.34,1.0
Antoine Semenyo,Bournemouth,0.6,45.5,18.6,74.3,6.0,2.0,5.0,,,2.1,47.6,0.9,20.0,2.3,2.0,0.1,0.1,4.6,6.0,0.2,1.8,,,8.0,0.3,6.0,1.3,44.3,0.1,2.0,,,1.0,1.0,6.88,1.0,0.7,2.3,,,0.7,70.8,2.0,2.3,8.0,0.0,29.0,1.2,3.0,6.0,2111,33,GHA,11.4,8.0,0.34,0.0
Antonee Robinson,Fulham,2.8,47.0,34.0,75.9,6.0,6.0,2.0,,,1.0,51.4,3.0,109.0,3.7,6.0,0.1,0.2,0.7,1.5,0.02,0.9,,,,2.2,80.0,0.2,43.8,0.2,8.0,,,,,7.17,0.0,0.3,2.0,,,1.6,62.4,6.0,3.7,,,33.0,0.9,0.4,6.0,3270,37,USA,0.0,0.0,0.0,0.0
Antony,Manchester United,0.7,57.9,30.5,80.0,7.0,1.0,4.0,,,1.8,44.1,0.5,8.0,1.9,1.0,0.13,0.1,3.4,4.1,0.23,1.3,,,1.0,0.8,12.0,1.1,37.2,0.1,1.0,1.0,29.0,1.0,2.2,6.84,1.0,1.7,2.7,,,1.4,52.5,1.0,1.9,1.0,0.0,22.0,1.5,2.9,5.0,1323,29,BRA,2.3,1.0,0.07,0.0
Arijanet Muric,Burnley,,,,,1.0,0.0,,,,,,,,0.1,0.0,,,,,,,,,,,,,,,,,,,,,,,,,,,,,,,,4.0,0.4,,,900,10,KVX,,,,
Ashley Young,Everton,1.9,32.4,22.1,72.4,2.0,0.0,,,,0.5,50.0,1.8,45.0,1.4,0.0,0.06,0.0,0.6,0.3,0.02,1.3,,,,0.9,22.0,0.1,15.4,0.2,6.0,1.0,31.0,1.0,0.9,6.67,0.0,0.4,1.9,,,1.5,71.7,,,,,21.0,0.8,0.5,5.0,2288,31,ENG,0.0,0.0,0.0,1.0
Auston Trusty,Sheffield United,1.3,38.0,23.4,79.0,3.0,0.0,1.0,,,0.2,54.5,5.1,145.0,0.8,0.0,0.03,0.0,0.6,0.3,0.02,0.8,,,,1.2,35.0,0.1,25.0,0.8,22.0,1.0,32.0,,,6.25,0.0,0.1,1.1,,,1.0,63.8,,,,,8.0,0.3,0.3,4.0,2572,32,USA,0.0,0.0,0.0,0.0
Axel Disasi,Chelsea,1.6,35.4,69.5,90.6,,,2.0,,,0.4,70.6,3.4,97.0,1.0,0.0,0.03,0.0,3.6,2.3,0.12,0.6,,,2.0,0.6,18.0,0.1,25.0,0.7,19.0,,,,,6.84,1.0,0.1,2.1,,,0.7,57.6,,,2.0,0.0,3.0,0.1,0.6,6.0,2581,31,FRA,12.5,2.0,0.07,0.0
Bart Verbruggen,Brighton and Hove Albion,,,30.3,85.6,,,,4.0,28.0,0.0,100.0,0.8,17.0,0.0,0.0,0.0,0.0,,,,0.0,1.3,28.0,,,,,,,,,,,,6.54,0.0,,,3.1,65.0,0.0,100.0,,,,,,,,3.0,1890,21,NED,,,,0.0
Ben Brereton Diaz,Sheffield United,,,,,3.0,1.0,5.0,,,,,,,1.1,1.0,,,6.1,5.9,,,,,,,,,,,,,,1.0,1.5,,,,,,,,,1.0,1.1,6.0,1.0,8.0,0.6,,,1110,14,CHI,17.1,6.0,,0.0
Ben Davies,Tottenham Hotspur,,,,,,,3.0,,,,,,,0.6,0.0,,,2.3,1.5,,,,,,,,,,,,,,1.0,1.6,,,,,,,,,,,1.0,0.0,4.0,0.3,,,1085,17,WAL,8.3,1.0,,0.0
Ben Godfrey,Everton,,,,,,,4.0,,,,,,,0.5,0.0,,,1.8,0.8,,,,,,,,,,,,1.0,15.0,,,,,,,,,,,,,,,3.0,0.2,,,1122,15,ENG,0.0,0.0,,0.0
Ben Mee,Brentford,,,,,,,1.0,,,,,,,0.7,0.0,,,1.5,0.3,,,,,,,,,,,,,,,,,,,,,,,,,,2.0,0.0,6.0,0.4,,1.0,1276,16,ENG,20.0,2.0,,1.0
Ben Osborn,Sheffield United,1.5,35.9,26.0,77.7,1.0,2.0,,,,0.5,50.0,1.7,26.0,0.9,2.0,0.06,0.1,0.2,,0.02,0.5,,,,0.5,8.0,,,0.1,2.0,,,,,6.43,0.0,0.6,1.7,,,0.6,40.9,2.0,0.9,,,13.0,0.9,0.3,3.0,1359,24,ENG,0.0,0.0,0.0,0.0
Ben White,Arsenal,1.5,41.1,49.8,86.7,7.0,4.0,,,,0.3,42.9,2.0,67.0,3.7,4.0,0.11,0.1,1.2,1.9,0.03,0.6,,,4.0,1.0,32.0,0.2,61.5,0.7,22.0,,,,,7.28,2.0,0.5,1.5,,,0.8,58.3,4.0,3.7,4.0,0.0,39.0,1.2,0.4,8.0,2995,37,ENG,30.8,4.0,0.12,0.0
Benoit Badiashile,Chelsea,,,,,2.0,1.0,1.0,,,,,,,0.9,1.0,,,0.3,0.2,,,,,,,,,,,,1.0,18.0,,,,,,,,,,,1.0,0.9,,,6.0,0.4,,,1337,18,FRA,0.0,0.0,,0.0
Bernardo Silva,Manchester City,2.1,63.4,56.9,89.4,13.0,9.0,3.0,,,1.3,64.4,0.4,12.0,8.0,9.0,0.28,0.3,3.7,5.6,0.13,0.8,,,6.0,0.6,17.0,0.5,44.1,0.1,4.0,,,,,7.57,2.0,1.0,1.3,,,0.8,45.1,9.0,8.0,6.0,0.0,64.0,2.2,1.2,8.0,2581,33,POR,17.7,6.0,0.21,0.0
Bernd Leno,Fulham,,,28.6,77.2,,,,10.0,61.0,,,0.8,32.0,0.0,0.0,0.0,0.0,,,,,1.6,61.0,,,,,,,,,,,,6.62,1.0,,,3.5,134.0,,,,,,,,,,,3420,38,GER,,,,0.0
Beto,Everton,0.6,75.0,10.3,61.5,3.0,0.0,8.0,,,1.4,46.9,1.2,13.0,0.3,0.0,0.03,0.0,6.8,5.0,0.65,2.0,,,3.0,0.1,1.0,1.2,30.2,,,,,,,6.35,0.0,1.4,1.4,,,0.6,42.9,,,3.0,0.0,11.0,1.1,4.1,2.0,939,30,POR,7.0,3.0,0.29,0.0
Billy Gilmour,Brighton and Hove Albion,2.7,62.1,80.6,92.2,3.0,1.0,,,,0.3,38.1,0.6,14.0,2.5,1.0,0.11,0.0,1.0,0.8,0.04,0.9,,,,0.5,11.0,0.2,20.0,0.4,9.0,,,,,6.75,0.0,0.7,3.2,,,0.7,61.5,1.0,2.5,,,22.0,0.9,1.1,8.0,2125,30,SCO,0.0,0.0,0.0,1.0
Bobby Reid,Fulham,0.6,45.5,22.1,79.0,3.0,2.0,3.0,,,0.5,40.0,0.8,12.0,1.2,2.0,0.07,0.1,4.6,4.3,0.29,1.0,,,6.0,0.3,5.0,0.5,24.2,0.1,2.0,,,,,6.6,1.0,0.4,2.4,,,0.9,63.6,2.0,1.2,6.0,0.0,17.0,1.1,2.1,4.0,1424,33,JAM,18.2,6.0,0.38,0.0
Boubacar Kamara,Aston Villa,2.2,60.3,49.6,89.3,1.0,1.0,,,,0.8,53.8,0.8,15.0,1.4,1.0,0.08,0.1,0.1,0.2,0.01,1.9,,,,1.1,21.0,0.1,20.0,0.4,7.0,,,,,7.06,1.0,0.2,2.4,,,1.6,67.4,1.0,1.4,,,20.0,1.1,0.3,7.0,1659,20,FRA,0.0,0.0,0.0,1.0
Brennan Johnson,Tottenham Hotspur,0.3,28.0,20.7,76.6,12.0,10.0,17.0,,,1.0,39.1,0.3,9.0,4.5,10.0,0.17,0.4,10.7,7.4,0.41,0.7,,,5.0,0.4,10.0,0.8,39.6,0.1,2.0,,,,,7.08,0.0,0.8,1.3,,,0.6,53.3,10.0,4.5,5.0,0.0,46.0,1.8,2.0,3.0,2330,35,WAL,9.4,5.0,0.19,0.0
Bruno Fernandes,Manchester United,4.4,57.4,43.8,79.4,21.0,8.0,7.0,,,0.5,47.5,1.4,47.0,10.2,8.0,0.3,0.2,10.0,13.0,0.29,1.2,,,10.0,0.8,27.0,1.2,43.2,0.2,6.0,,,,,7.83,7.0,1.0,2.4,,,1.1,55.9,8.0,10.2,10.0,4.0,114.0,3.3,2.7,9.0,3119,35,POR,10.5,10.0,0.29,0.0
Bruno Guimaraes,Newcastle United,3.6,59.2,53.0,85.0,12.0,8.0,2.0,,,2.0,63.7,0.5,19.0,6.3,8.0,0.17,0.2,4.8,4.1,0.13,1.4,,,7.0,1.0,35.0,0.4,33.3,0.4,14.0,,,,,7.65,5.0,0.9,3.3,,,1.5,60.2,8.0,6.3,7.0,0.0,62.0,1.7,1.3,9.0,3268,37,BRA,14.6,7.0,0.19,0.0
Bryan Mbeumo,Brentford,0.8,50.0,21.6,72.3,6.0,6.0,9.0,,,1.2,38.2,0.6,12.0,5.6,6.0,0.26,0.3,9.8,8.5,0.45,1.0,,,9.0,0.3,7.0,0.9,37.7,0.1,2.0,,,,,7.23,4.0,0.9,1.5,,,0.5,66.7,6.0,5.6,9.0,3.0,32.0,1.5,2.4,2.0,1959,25,CMR,17.0,9.0,0.41,0.0
Bukayo Saka,Arsenal,0.8,42.9,33.4,83.0,15.0,9.0,11.0,,,1.5,47.6,0.6,19.0,11.0,9.0,0.34,0.3,15.5,15.4,0.48,1.3,,,16.0,0.5,15.0,1.1,34.3,0.1,2.0,,,1.0,2.1,7.97,6.0,1.1,2.1,,,1.1,53.0,9.0,11.0,16.0,6.0,91.0,2.8,3.3,4.0,2933,35,ENG,14.8,16.0,0.49,0.0
Callum Hudson-Odoi,Nottingham Forest,1.5,68.9,26.8,85.3,4.0,1.0,2.0,,,2.1,61.4,0.5,11.0,2.5,1.0,0.12,0.0,2.7,5.6,0.13,0.7,,,8.0,0.3,7.0,1.0,52.6,0.0,1.0,,,1.0,1.5,7.04,3.0,0.7,1.6,,,0.4,44.4,1.0,2.5,8.0,0.0,36.0,1.7,1.8,0.0,1854,29,ENG,21.1,8.0,0.39,
Callum Wilson,Newcastle United,0.2,40.0,9.4,65.2,2.0,1.0,6.0,,,1.3,48.3,0.4,4.0,0.6,1.0,0.05,0.1,8.9,9.2,0.81,1.5,,,9.0,0.2,2.0,1.9,60.0,,,,,,,,,0.5,1.0,,,0.3,60.0,1.0,0.6,9.0,2.0,8.0,0.7,3.2,3.0,985,20,ENG,25.7,9.0,0.82,0.0
Calvin Bassey,Fulham,3.2,43.2,56.2,86.2,,,,,,0.4,84.6,3.1,80.0,0.2,0.0,0.01,0.0,0.3,0.1,0.01,0.6,,,1.0,1.1,28.0,0.1,40.0,0.4,11.0,1.0,29.0,,,6.79,0.0,0.1,2.7,,,1.1,59.2,,,1.0,0.0,1.0,0.0,0.2,4.0,2301,29,NGA,20.0,1.0,0.04,1.0
Cameron Archer,Sheffield United,0.1,42.9,13.2,80.8,6.0,1.0,6.0,,,1.5,50.8,0.4,9.0,1.4,1.0,0.07,0.0,5.6,3.4,0.27,0.7,,,4.0,0.0,1.0,0.5,26.2,0.1,3.0,,,,,6.49,0.0,0.7,1.4,,,0.6,72.2,1.0,1.4,4.0,0.0,24.0,1.2,2.1,2.0,1839,30,ENG,9.5,4.0,0.2,0.0
Caoimhin Kelleher,Liverpool,,,,,,,,2.0,11.0,,,,,0.0,0.0,,,,,,,,,,,,,,,,,,,,,,,,,,,,,,,,1.0,0.1,,,900,10,IRL,,,,
Carlos Baleba,Brighton and Hove Albion,1.2,62.1,48.6,92.2,1.0,0.0,,,,0.7,64.7,1.8,27.0,0.3,0.0,0.02,0.0,0.8,1.5,0.06,2.7,,,,1.2,18.0,0.3,23.8,0.5,7.0,,,,,6.56,0.0,0.4,4.0,,,1.4,50.0,,,,,8.0,0.5,1.4,7.0,1321,27,CMR,0.0,0.0,0.0,0.0
Carlton Morris,Luton Town,0.3,47.1,15.1,66.8,5.0,4.0,7.0,,,1.0,60.8,1.7,53.0,1.6,4.0,0.05,0.1,11.4,13.8,0.36,1.5,,,11.0,0.0,1.0,1.0,43.7,0.2,5.0,,,,,6.77,0.0,0.5,1.2,,,0.3,53.3,4.0,1.6,11.0,5.0,22.0,0.7,2.2,4.0,2867,38,ENG,15.5,11.0,0.35,0.0
Casemiro,Manchester United,3.6,50.6,52.7,82.6,2.0,2.0,4.0,,,0.4,52.9,3.0,66.0,1.2,2.0,0.06,0.1,3.5,1.7,0.16,1.4,,,1.0,0.8,18.0,0.4,23.1,1.5,33.0,1.0,25.0,,,7.16,0.0,0.1,2.4,,,2.5,67.5,2.0,1.2,1.0,0.0,16.0,0.7,1.8,7.0,1985,25,BRA,2.6,1.0,0.05,0.0
Charlie Taylor,Burnley,2.0,37.2,31.7,78.9,4.0,1.0,,,,0.3,60.0,2.6,67.0,1.7,1.0,0.06,0.0,0.2,0.1,0.01,0.8,,,1.0,0.7,19.0,0.0,10.0,0.4,11.0,,,,,6.62,0.0,0.2,1.5,,,0.8,57.1,1.0,1.7,1.0,0.0,15.0,0.6,0.4,8.0,2332,28,ENG,10.0,1.0,0.04,0.0
Cheick Oumar Doucouré,Crystal Palace,,,,,1.0,0.0,,,,,,,,0.8,0.0,,,0.3,0.5,,,,,,,,,,,,,,,,,,,,,,,,,,,,10.0,1.0,,,921,11,MLI,,0.0,,0.0
Chiedozie Ogbene,Luton Town,0.5,37.0,23.2,81.6,5.0,1.0,1.0,,,2.8,58.1,1.4,31.0,3.5,1.0,0.16,0.0,4.2,4.0,0.19,0.4,,,4.0,0.3,7.0,0.6,40.0,0.1,3.0,,,2.0,2.3,7.1,1.0,0.6,2.5,,,0.5,58.8,1.0,3.5,4.0,0.0,26.0,1.2,1.6,1.0,1993,30,IRL,11.4,4.0,0.18,0.0
Chris Richards,Crystal Palace,1.5,37.4,33.1,83.3,1.0,1.0,,,,0.0,100.0,4.6,106.0,0.2,1.0,0.01,0.0,0.9,0.5,0.04,0.5,,,1.0,1.2,27.0,0.1,27.3,0.5,12.0,1.0,26.0,,,6.84,0.0,0.0,1.6,,,1.2,60.9,1.0,0.2,1.0,0.0,6.0,0.3,0.5,3.0,2091,26,USA,9.1,1.0,0.04,0.0
Chris Wood,Nottingham Forest,0.3,60.0,13.9,64.5,3.0,1.0,12.0,,,0.3,40.0,1.3,26.0,1.1,1.0,0.05,0.0,11.9,10.6,0.59,1.1,,,14.0,0.0,1.0,1.3,54.2,0.1,3.0,1.0,31.0,,,6.91,3.0,0.2,1.3,,,0.2,57.1,1.0,1.1,14.0,0.0,22.0,1.1,2.4,0.0,1806,31,NZL,29.2,14.0,0.7,
Christian Eriksen,Manchester United,2.6,53.2,50.1,84.1,3.0,2.0,,,,0.2,50.0,0.9,12.0,2.3,2.0,0.19,0.2,1.0,1.2,0.08,0.6,,,1.0,0.3,4.0,0.3,30.8,0.5,6.0,,,,,6.65,0.0,0.9,4.0,,,1.0,72.2,2.0,2.3,1.0,0.0,27.0,2.1,1.0,1.0,1139,22,DEN,7.7,1.0,0.08,0.0
Christian Nørgaard,Brentford,2.1,44.4,41.9,81.2,6.0,1.0,3.0,,,0.2,60.0,1.8,49.0,2.4,1.0,0.09,0.0,3.5,1.4,0.13,1.5,,,2.0,1.9,54.0,0.3,20.0,0.2,6.0,,,,,7.26,1.0,0.6,4.4,,,1.8,61.7,1.0,2.4,2.0,0.0,24.0,0.9,1.3,8.0,2513,31,DEN,5.7,2.0,0.07,0.0
Clément Lenglet,Aston Villa,,,,,1.0,1.0,1.0,,,,,,,0.5,1.0,,,0.9,0.3,,,,,,,,,,,,,,,,,,,,,,,,1.0,0.5,,,2.0,0.2,,,1155,14,FRA,0.0,0.0,,0.0
Cody Gakpo,Liverpool,0.5,83.3,23.2,79.3,5.0,5.0,6.0,,,1.7,64.6,0.4,7.0,2.7,5.0,0.15,0.3,9.0,7.0,0.49,1.5,,,8.0,0.8,14.0,1.3,36.4,0.2,4.0,,,,,7.03,2.0,1.2,2.1,,,0.9,63.0,5.0,2.7,8.0,0.0,25.0,1.4,3.6,1.0,1644,35,NED,12.1,8.0,0.44,0.0
Cole Palmer,Chelsea,2.4,65.7,37.4,83.3,17.0,11.0,7.0,,,1.8,53.1,0.4,11.0,8.7,11.0,0.3,0.4,18.2,20.0,0.62,0.8,,,22.0,0.7,20.0,1.6,42.2,0.1,2.0,,,1.0,0.9,7.78,7.0,0.9,1.5,,,0.4,52.2,11.0,8.7,22.0,9.0,72.0,2.5,3.7,7.0,2624,34,ENG,20.2,22.0,0.75,0.0
Conor Gallagher,Chelsea,1.6,66.7,50.7,91.5,11.0,7.0,5.0,,,1.1,67.9,0.9,30.0,3.5,7.0,0.1,0.2,4.2,4.1,0.12,2.4,,,5.0,1.2,43.0,0.5,37.5,0.3,11.0,,,,,7.5,3.0,1.1,2.8,,,1.5,61.2,7.0,3.5,5.0,0.0,53.0,1.5,1.4,7.0,3135,37,ENG,10.4,5.0,0.14,1.0
Craig Dawson,Wolverhampton Wanderers,4.1,54.1,44.9,86.7,2.0,1.0,1.0,,,0.1,100.0,4.8,119.0,0.6,1.0,0.02,0.0,1.5,1.5,0.06,0.8,,,1.0,0.7,16.0,0.2,31.3,1.6,39.0,,,,,6.87,0.0,0.0,1.7,,,0.8,66.7,1.0,0.6,1.0,0.0,9.0,0.4,0.7,7.0,2211,25,ENG,6.3,1.0,0.04,0.0
Cristian Romero,Tottenham Hotspur,1.9,55.6,76.6,91.9,1.0,0.0,6.0,,,0.2,83.3,3.2,100.0,1.5,0.0,0.05,0.0,3.5,3.3,0.11,1.0,,,5.0,1.4,44.0,0.3,41.7,0.7,22.0,2.0,33.0,,,7.32,2.0,0.3,2.5,,,1.3,60.6,,,5.0,0.0,7.0,0.2,0.8,7.0,2792,33,ARG,20.8,5.0,0.16,1.0
Curtis Jones,Liverpool,0.9,50.0,52.9,91.5,,,1.0,,,1.2,60.0,0.5,7.0,1.1,1.0,0.08,0.1,2.6,1.6,0.2,1.2,,,1.0,0.5,7.0,0.5,31.6,,,,,,,6.6,0.0,0.8,3.0,,,1.1,51.9,1.0,1.1,1.0,0.0,11.0,0.8,1.5,3.0,1167,23,ENG,5.3,1.0,0.08,1.0
Dango Ouattara,Bournemouth,1.3,37.0,22.4,67.6,1.0,2.0,2.0,,,1.5,51.2,2.4,33.0,1.4,2.0,0.1,0.1,2.6,1.1,0.2,1.1,,,1.0,1.6,22.0,0.5,23.3,0.2,3.0,,,,,6.79,1.0,0.6,2.4,,,2.0,60.0,2.0,1.4,1.0,0.0,17.0,1.3,2.2,3.0,1220,30,BFA,3.3,1.0,0.07,0.0
Daniel Burn,Newcastle United,0.8,27.5,40.1,81.1,3.0,2.0,4.0,,,0.1,66.7,3.9,119.0,1.1,2.0,0.04,0.1,3.1,1.8,0.1,1.1,,,2.0,1.2,37.0,0.2,26.1,0.8,25.0,1.0,33.0,,,6.9,0.0,0.1,1.9,,,1.1,54.1,2.0,1.1,2.0,0.0,10.0,0.3,0.8,4.0,2732,33,ENG,8.7,2.0,0.07,0.0
Daniel Munoz,Crystal Palace,,,,,5.0,4.0,2.0,,,,,,,1.3,4.0,,,1.2,,,,,,,,,,,,,,,,,,,,,,,,,4.0,1.3,,,21.0,1.3,,,1439,16,COL,0.0,0.0,,0.0
Danilo,Nottingham Forest,2.3,50.0,29.3,80.6,2.0,2.0,1.0,,,0.9,65.4,2.1,41.0,0.7,2.0,0.04,0.1,1.8,2.0,0.09,0.7,,,2.0,1.8,35.0,0.4,30.4,0.4,8.0,1.0,29.0,,,6.82,0.0,0.4,2.5,,,0.9,50.0,2.0,0.7,2.0,0.0,20.0,1.0,1.2,4.0,1796,29,BRA,8.7,2.0,0.1,0.0
Danny Welbeck,Brighton and Hove Albion,0.1,33.3,22.2,83.2,3.0,1.0,10.0,,,0.4,33.3,0.9,17.0,1.4,1.0,0.07,0.1,5.3,6.2,0.28,0.6,,,5.0,0.5,9.0,0.8,39.0,,,,,2.0,1.1,6.77,0.0,0.5,1.2,,,0.9,48.6,1.0,1.4,5.0,0.0,22.0,1.2,2.2,4.0,1703,29,ENG,12.2,5.0,0.26,0.0
Dara O'Shea,Burnley,3.4,43.0,42.9,79.7,3.0,4.0,1.0,,,0.0,50.0,4.9,158.0,1.0,4.0,0.03,0.1,0.7,1.2,0.02,1.1,,,3.0,1.1,35.0,0.2,26.3,0.9,30.0,,,,,6.68,0.0,0.1,1.8,,,0.6,51.3,4.0,1.0,3.0,0.0,13.0,0.4,0.6,5.0,2894,33,IRL,15.8,3.0,0.09,1.0
Darwin Nunez,Liverpool,0.5,44.0,14.6,71.6,11.0,8.0,27.0,,,0.7,42.9,0.4,9.0,4.5,8.0,0.2,0.4,16.4,15.5,0.72,1.2,,,11.0,0.1,3.0,2.0,42.6,0.3,6.0,,,1.0,0.7,7.16,1.0,0.7,1.4,,,0.5,54.5,8.0,4.5,11.0,0.0,33.0,1.5,4.8,9.0,2046,36,URU,10.2,11.0,0.48,0.0
David Raya,Arsenal,,,20.0,70.8,,,,16.0,24.0,,,0.4,13.0,0.1,0.0,0.0,0.0,,,,,0.8,24.0,,,,,,,,,,,,6.88,0.0,,,1.4,46.0,0.0,100.0,,,,,,,,,2880,32,ESP,,,,0.0
Dean Henderson,Crystal Palace,,,,,,,,4.0,30.0,,,,,0.0,0.0,,,,,,,,,,,,,,,,,,,,,,,,,,,,,,,,,,,,1620,18,ENG,,,,0.0
Declan Rice,Arsenal,2.2,55.3,56.3,90.7,9.0,8.0,2.0,,,0.6,51.2,1.4,51.0,4.8,8.0,0.13,0.2,3.3,4.5,0.09,0.9,,,7.0,1.2,44.0,0.6,34.5,0.3,11.0,2.0,38.0,,,7.66,3.0,0.8,2.3,,,1.4,61.4,8.0,4.8,7.0,0.0,47.0,1.3,1.6,5.0,3230,38,ENG,12.1,7.0,0.2,0.0
Dejan Kulusevski,Tottenham Hotspur,0.5,61.5,30.2,81.9,14.0,3.0,4.0,,,1.8,45.0,0.0,1.0,6.7,3.0,0.22,0.1,4.7,6.6,0.15,1.8,,,8.0,0.6,18.0,0.8,42.1,0.0,1.0,1.0,36.0,,,7.12,4.0,1.0,1.8,,,1.1,53.2,3.0,6.7,8.0,0.0,66.0,2.1,1.9,7.0,2763,36,SWE,14.0,8.0,0.26,0.0
Destiny Udogie,Tottenham Hotspur,0.3,35.0,39.9,87.5,3.0,3.0,3.0,,,0.9,48.0,2.5,67.0,2.0,3.0,0.08,0.1,2.5,2.8,0.09,1.9,,,2.0,1.4,37.0,0.2,55.6,0.3,8.0,,,,,7.09,0.0,0.8,2.4,,,1.2,48.5,3.0,2.0,2.0,0.0,24.0,0.9,0.3,5.0,2398,28,ITA,22.2,2.0,0.08,1.0
Diego Carlos,Aston Villa,3.3,41.8,58.8,88.4,,,2.0,,,0.1,50.0,3.9,78.0,0.4,0.0,0.02,0.0,2.3,0.7,0.12,1.3,,,,0.6,13.0,0.0,10.0,0.9,19.0,,,,,6.45,0.0,0.0,1.5,,,0.8,59.3,,,,,3.0,0.1,0.5,4.0,1811,27,BRA,0.0,0.0,0.0,0.0
Diogo Dalot,Manchester United,2.2,51.3,35.5,83.8,5.0,3.0,,,,0.9,63.3,2.7,96.0,2.4,3.0,0.07,0.1,1.7,1.6,0.05,1.3,,,2.0,1.0,37.0,0.2,23.3,0.5,16.0,1.0,36.0,,,7.2,2.0,0.3,2.2,,,1.4,63.0,3.0,2.4,2.0,0.0,38.0,1.1,0.9,4.0,3173,36,POR,6.7,2.0,0.06,1.0
Diogo Jota,Liverpool,0.7,69.2,22.4,74.5,4.0,3.0,3.0,,,1.2,41.7,0.3,4.0,1.7,3.0,0.14,0.2,5.3,7.4,0.42,2.1,,,10.0,0.5,7.0,1.6,48.8,0.1,1.0,,,2.0,1.6,7.25,2.0,0.5,2.1,,,1.0,56.5,3.0,1.7,10.0,0.0,22.0,1.7,3.2,1.0,1150,21,POR,24.4,10.0,0.78,1.0
Djordje Petrovic,Chelsea,,,24.5,76.4,,,,5.0,38.0,,,0.9,20.0,0.0,0.0,0.0,0.0,,,,,1.7,38.0,,,,,,,,,,,,6.73,0.0,,,3.4,75.0,,,,,,,,,,,1986,23,SRB,,,,0.0
Dominic Calvert-Lewin,Everton,0.2,50.0,10.2,56.9,4.0,2.0,16.0,,,0.6,35.0,1.6,38.0,1.6,2.0,0.07,0.1,12.9,9.9,0.53,1.3,,,7.0,0.2,4.0,1.3,42.5,0.2,4.0,,,,,6.8,2.0,0.7,0.9,,,0.2,46.2,2.0,1.6,7.0,2.0,19.0,0.8,3.0,2.0,2185,32,ENG,9.6,7.0,0.29,0.0
Dominic Solanke,Bournemouth,0.2,66.7,10.6,73.7,3.0,3.0,14.0,,,1.1,39.4,1.2,43.0,2.0,3.0,0.05,0.1,19.6,16.1,0.53,1.1,,,19.0,0.2,7.0,1.0,34.9,0.1,5.0,,,1.0,1.2,7.05,3.0,0.8,1.2,,,0.3,47.8,3.0,2.0,19.0,2.0,39.0,1.1,2.9,3.0,3331,38,ENG,17.4,19.0,0.51,0.0
Dominik Szoboszlai,Liverpool,2.3,68.4,52.1,87.3,7.0,2.0,2.0,,,1.0,47.1,0.6,13.0,5.1,2.0,0.22,0.1,3.7,3.1,0.16,1.2,,,3.0,0.6,15.0,0.6,25.0,0.1,2.0,,,2.0,1.2,7.28,2.0,1.0,3.9,,,0.8,59.4,2.0,5.1,3.0,0.0,56.0,2.4,2.6,1.0,2109,33,HUN,5.0,3.0,0.13,0.0
Douglas Luiz,Aston Villa,3.0,66.0,52.9,89.4,10.0,5.0,3.0,,,0.7,60.0,0.5,17.0,5.3,5.0,0.16,0.1,7.0,9.4,0.21,1.5,,,9.0,0.7,23.0,0.5,35.4,0.2,8.0,,,,,7.28,5.0,0.7,2.3,,,1.1,65.5,5.0,5.3,9.0,4.0,53.0,1.6,1.4,12.0,3001,35,BRA,18.8,9.0,0.27,0.0
Dwight McNeil,Everton,1.4,46.5,24.4,78.3,17.0,6.0,3.0,,,0.9,49.2,0.8,27.0,8.2,6.0,0.25,0.2,3.4,2.9,0.11,0.6,,,3.0,0.7,22.0,0.5,26.3,0.2,7.0,,,,,7.16,1.0,1.0,2.4,,,0.8,61.4,6.0,8.2,3.0,0.0,69.0,2.1,1.8,2.0,2897,35,ENG,5.3,3.0,0.09,0.0
Eberechi Eze,Crystal Palace,1.2,69.2,28.9,83.7,7.0,4.0,5.0,,,3.0,51.9,0.2,4.0,5.6,4.0,0.24,0.2,9.2,10.6,0.4,1.2,,,11.0,0.5,11.0,1.5,41.0,0.1,2.0,1.0,27.0,1.0,2.1,7.6,2.0,1.4,2.3,,,0.7,48.6,4.0,5.6,11.0,1.0,54.0,2.4,3.6,3.0,2065,27,ENG,13.3,11.0,0.48,0.0
Ederson Moraes,Manchester City,,,30.4,85.9,,,,10.0,27.0,0.0,100.0,0.5,16.0,0.1,0.0,0.0,0.0,,,,0.1,0.9,27.0,,,,,,,,1.0,33.0,,,6.93,0.0,,,1.8,57.0,,,,,,,1.0,0.0,,5.0,2788,33,BRA,,,,0.0
Edson Álvarez,West Ham United,2.3,54.1,38.9,86.1,,,,,,1.0,65.9,2.6,70.0,0.8,1.0,0.03,0.0,1.3,1.1,0.05,1.2,,,1.0,1.6,42.0,0.1,17.6,0.8,20.0,1.0,31.0,,,6.83,0.0,0.2,2.9,,,1.5,48.8,1.0,0.8,1.0,0.0,12.0,0.5,0.6,11.0,2383,31,MEX,5.9,1.0,0.04,0.0
Edward Nketiah,Arsenal,,,14.0,79.9,2.0,2.0,4.0,,,0.7,34.8,0.3,4.0,0.7,2.0,0.06,0.2,4.5,3.3,0.38,2.0,,,5.0,0.3,4.0,1.0,31.6,,,,,2.0,2.3,6.67,1.0,0.6,0.9,,,0.6,58.3,2.0,0.7,5.0,0.0,9.0,0.8,3.2,3.0,1073,27,ENG,13.2,5.0,0.42,0.0
Elijah Adebayo,Luton Town,0.1,25.0,9.1,72.6,,,4.0,,,1.1,28.1,1.6,25.0,0.4,0.0,0.03,0.0,6.7,8.6,0.43,1.7,,,10.0,0.4,6.0,0.9,45.2,0.1,2.0,,,,,6.59,1.0,0.6,1.2,,,0.1,25.0,,,10.0,0.0,14.0,0.9,2.0,1.0,1418,27,ENG,32.3,10.0,0.63,0.0
Elliot Anderson,Newcastle United,0.4,19.0,30.4,82.9,2.0,2.0,1.0,,,1.8,53.8,1.8,20.0,1.2,2.0,0.11,0.2,1.5,0.8,0.14,1.8,,,,0.7,8.0,0.4,26.3,0.4,4.0,,,,,,,0.7,2.9,,,1.6,75.0,2.0,1.2,,,15.0,1.3,1.7,3.0,1022,21,SCO,0.0,0.0,0.0,0.0
Emerson,West Ham United,1.2,37.2,34.1,82.9,2.0,2.0,2.0,,,0.7,42.9,2.5,88.0,2.1,2.0,0.06,0.1,1.5,1.2,0.04,0.9,,,1.0,1.2,43.0,0.1,21.1,0.4,15.0,1.0,36.0,2.0,0.9,6.94,0.0,0.4,1.4,,,1.9,64.2,2.0,2.1,1.0,0.0,25.0,0.7,0.5,10.0,3142,36,ITA,5.3,1.0,0.03,0.0
Emerson Royal,Tottenham Hotspur,1.5,52.8,67.4,91.2,1.0,0.0,,,,0.8,62.5,3.5,45.0,0.9,0.0,0.07,0.0,0.2,0.5,0.02,1.1,,,1.0,1.6,20.0,0.2,50.0,0.8,10.0,,,,,,,0.5,2.1,,,1.9,66.7,,,1.0,0.0,3.0,0.2,0.5,4.0,1155,22,BRA,16.7,1.0,0.08,0.0
Emil Krafth,Newcastle United,,,,,2.0,0.0,,,,,,,,0.8,0.0,,,0.2,,,,,,,,,,,,,,,,,,,,,,,,,,,,,9.0,0.9,,,910,17,SWE,,0.0,,0.0
Emiliano Martinez,Aston Villa,,,30.9,81.4,,,,8.0,48.0,,,0.5,16.0,0.0,0.0,0.0,0.0,,,,0.0,1.4,48.0,,,,,,,,,,,,6.9,2.0,,,2.8,95.0,,,,,,,2.0,0.1,,4.0,3015,34,ARG,,,,0.0
Enzo Fernández,Chelsea,5.2,68.6,63.4,86.9,5.0,2.0,6.0,,,0.9,57.5,1.1,26.0,3.7,2.0,0.15,0.1,6.2,6.0,0.25,1.3,,,3.0,0.7,17.0,0.7,34.0,0.5,13.0,1.0,28.0,1.0,1.3,6.99,1.0,0.6,2.3,,,0.9,44.0,2.0,3.7,3.0,1.0,32.0,1.3,1.9,7.0,2214,28,ARG,6.4,3.0,0.12,0.0
Erling Haaland,Manchester City,0.1,60.0,10.4,77.4,6.0,5.0,34.0,,,0.4,42.9,0.6,16.0,2.2,5.0,0.08,0.2,29.3,27.1,1.03,0.6,,,27.0,0.1,2.0,2.1,48.8,0.0,1.0,,,2.0,1.1,7.64,6.0,0.8,0.6,,,0.1,50.0,5.0,2.2,27.0,7.0,29.0,1.0,4.3,1.0,2556,31,NOR,22.3,27.0,0.95,0.0
Ethan Pinnock,Brentford,2.5,45.5,41.9,84.0,1.0,0.0,3.0,,,0.2,66.7,6.0,167.0,0.8,0.0,0.03,0.0,2.0,1.2,0.07,0.1,,,2.0,1.5,43.0,0.1,21.1,0.9,24.0,,,,,6.93,0.0,0.1,1.8,,,0.8,65.7,,,2.0,0.0,4.0,0.1,0.7,1.0,2521,29,JAM,10.5,2.0,0.07,0.0
Evan Ferguson,Brighton and Hove Albion,0.3,57.1,16.1,81.3,1.0,0.0,4.0,,,0.5,53.8,0.5,8.0,0.8,0.0,0.05,0.0,4.6,5.6,0.3,1.6,,,6.0,0.1,2.0,1.3,60.6,0.2,3.0,,,1.0,1.6,6.52,1.0,0.4,0.9,,,0.4,42.9,,,6.0,0.0,6.0,0.4,2.2,1.0,1365,27,IRL,18.2,6.0,0.4,0.0
Ezri Konsa,Aston Villa,1.3,56.1,52.7,92.2,1.0,0.0,3.0,,,0.6,76.0,2.0,68.0,1.0,0.0,0.03,0.0,2.5,1.1,0.07,0.4,,,1.0,0.8,28.0,0.1,26.3,0.6,20.0,1.0,35.0,1.0,1.9,6.85,0.0,0.2,1.7,,,0.9,59.3,,,1.0,0.0,8.0,0.2,0.6,5.0,3073,35,ENG,5.3,1.0,0.03,0.0
Fabian Schär,Newcastle United,5.5,50.1,51.7,83.2,2.0,1.0,2.0,,,0.4,61.9,3.9,131.0,1.4,1.0,0.04,0.0,2.6,2.7,0.08,1.1,,,4.0,1.1,36.0,0.3,25.7,1.1,38.0,,,2.0,0.8,6.85,1.0,0.1,1.9,,,0.7,57.1,1.0,1.4,4.0,0.0,10.0,0.3,1.0,5.0,3054,36,SUI,11.4,4.0,0.12,0.0
Facundo Buonanotte,Brighton and Hove Albion,0.3,45.5,26.3,85.3,3.0,1.0,2.0,,,1.2,39.1,0.3,5.0,1.2,1.0,0.08,0.1,2.4,3.0,0.16,2.2,,,3.0,0.5,8.0,0.6,42.9,0.2,3.0,,,,,6.62,0.0,0.7,2.2,,,1.4,52.4,1.0,1.2,3.0,0.0,18.0,1.2,1.4,7.0,1368,27,ARG,14.3,3.0,0.2,0.0
Frank Onyeka,Brentford,1.1,37.8,22.7,77.6,2.0,2.0,2.0,,,0.9,44.0,1.3,17.0,1.4,2.0,0.11,0.2,2.2,1.6,0.17,1.9,,,1.0,1.8,23.0,0.7,40.9,0.5,7.0,,,,,6.71,0.0,0.5,2.9,,,1.9,64.9,2.0,1.4,1.0,0.0,12.0,0.9,1.7,8.0,1155,26,NGA,4.6,1.0,0.08,0.0
Gabriel,Arsenal,2.0,40.4,56.5,89.1,2.0,0.0,2.0,,,0.1,50.0,2.9,97.0,0.7,0.0,0.02,0.0,4.2,2.9,0.13,1.0,,,4.0,0.9,31.0,0.3,35.5,1.0,33.0,,,,,7.22,1.0,0.1,1.7,,,0.8,58.3,,,4.0,0.0,3.0,0.1,0.9,4.0,3044,36,BRA,12.9,4.0,0.12,0.0
Gabriel Jesus,Arsenal,0.4,87.5,24.1,81.0,6.0,5.0,7.0,,,2.1,53.8,0.7,11.0,3.2,5.0,0.2,0.3,6.4,5.1,0.39,1.6,,,4.0,0.8,13.0,1.2,34.5,0.1,1.0,,,1.0,1.9,7.0,3.0,1.0,1.5,,,1.0,70.8,5.0,3.2,4.0,0.0,29.0,1.8,3.3,6.0,1482,27,BRA,7.3,4.0,0.24,0.0
Gabriel Martinelli,Arsenal,1.1,72.7,30.4,85.0,7.0,4.0,5.0,,,1.8,39.6,0.3,7.0,5.2,4.0,0.23,0.2,7.1,5.8,0.31,1.0,,,6.0,0.2,5.0,1.0,37.9,0.0,1.0,,,,,7.09,1.0,0.8,2.1,,,1.1,80.0,4.0,5.2,6.0,0.0,46.0,2.0,2.6,1.0,2029,35,BRA,10.3,6.0,0.27,0.0
Gabriel Osho,Luton Town,1.3,31.0,28.2,82.5,,,,,,0.3,58.3,4.3,88.0,0.2,0.0,0.01,0.0,1.1,0.9,0.05,1.1,,,2.0,1.5,31.0,0.1,20.0,1.0,20.0,,,,,6.5,1.0,0.1,1.8,,,1.1,53.7,,,2.0,0.0,2.0,0.1,0.5,3.0,1848,21,ENG,20.0,2.0,0.1,0.0
George Baldock,Sheffield United,,,,,1.0,1.0,,,,,,,,0.6,1.0,,,0.0,,,,,,,,,,,,,,,1.0,1.3,,,,,,,,,1.0,0.6,,,7.0,0.6,,,970,13,GRE,,0.0,,0.0
Guglielmo Vicario,Tottenham Hotspur,,,30.2,83.7,,,,7.0,61.0,,,1.2,46.0,0.0,0.0,0.0,0.0,,,,,1.6,61.0,,0.0,1.0,,,,,,,,,6.94,2.0,,,2.9,110.0,,,,,,,,,,,3420,38,ITA,,,,0.0
Gustavo Hamer,Sheffield United,1.3,33.9,22.2,73.5,10.0,6.0,1.0,,,0.9,50.0,1.0,32.0,4.6,6.0,0.14,0.2,3.0,4.8,0.09,1.5,,,4.0,0.9,29.0,0.5,30.6,0.3,9.0,1.0,36.0,,,7.01,1.0,0.5,2.2,,,0.6,53.8,6.0,4.6,4.0,0.0,70.0,2.2,1.5,9.0,2923,36,NED,8.2,4.0,0.12,0.0
Harrison Reed,Fulham,1.4,56.8,41.9,85.3,2.0,2.0,,,,0.3,50.0,1.5,22.0,1.5,2.0,0.1,0.1,0.3,0.6,0.02,1.8,,,,0.7,11.0,0.1,22.2,0.6,9.0,,,,,6.6,0.0,0.5,2.7,,,1.2,62.1,2.0,1.5,,,14.0,1.0,0.6,6.0,1324,27,ENG,0.0,0.0,0.0,0.0
Harry Maguire,Manchester United,4.0,49.3,49.9,83.4,2.0,2.0,2.0,,,,,4.5,83.0,0.9,2.0,0.05,0.1,2.0,1.5,0.11,1.1,,,2.0,1.4,25.0,0.2,15.0,1.3,24.0,,,1.0,0.5,7.18,0.0,0.2,1.5,,,0.9,70.8,2.0,0.9,2.0,0.0,6.0,0.3,1.1,4.0,1650,22,ENG,10.0,2.0,0.11,0.0
Harry Toffolo,Nottingham Forest,1.1,25.8,21.0,76.2,3.0,3.0,2.0,,,0.1,33.3,2.7,44.0,1.2,3.0,0.07,0.2,1.6,1.1,0.1,1.1,,,1.0,0.9,14.0,0.3,62.5,0.8,13.0,,,,,6.63,1.0,0.1,1.2,,,0.9,53.8,3.0,1.2,1.0,0.0,18.0,1.1,0.5,3.0,1455,23,ENG,12.5,1.0,0.06,0.0
Harry Wilson,Fulham,1.6,61.7,25.7,79.2,5.0,6.0,2.0,,,0.8,48.4,0.6,11.0,2.7,6.0,0.15,0.3,3.4,3.3,0.19,1.2,,,4.0,0.6,10.0,0.7,32.5,0.2,3.0,,,1.0,2.2,6.8,2.0,0.5,1.9,,,0.8,66.7,6.0,2.7,4.0,0.0,22.0,1.2,2.2,6.0,1614,35,WAL,10.0,4.0,0.22,0.0
Harvey Elliott,Liverpool,2.7,62.5,53.4,87.7,5.0,6.0,1.0,,,0.6,47.4,0.4,6.0,4.6,6.0,0.31,0.4,2.7,2.8,0.18,0.5,,,3.0,0.4,6.0,1.1,34.7,,,,,1.0,0.9,7.05,2.0,1.3,3.1,,,1.1,63.0,6.0,4.6,3.0,0.0,37.0,2.5,3.3,2.0,1336,34,ENG,6.1,3.0,0.2,0.0
Hee-Chan Hwang,Wolverhampton Wanderers,0.4,58.8,17.5,77.7,4.0,3.0,8.0,,,1.5,54.5,0.3,8.0,2.9,3.0,0.12,0.1,7.7,7.2,0.33,1.3,,,12.0,0.4,10.0,0.8,40.0,0.0,1.0,1.0,29.0,1.0,1.4,7.02,4.0,0.7,1.0,,,0.4,50.0,3.0,2.9,12.0,1.0,17.0,0.7,1.9,6.0,2124,29,KOR,26.7,12.0,0.51,0.0
Heung-Min Son,Tottenham Hotspur,0.3,68.8,26.6,85.1,20.0,10.0,7.0,,,1.2,45.3,0.1,4.0,8.3,10.0,0.25,0.3,12.1,13.9,0.37,0.4,,,17.0,0.2,8.0,1.2,47.1,0.0,1.0,1.0,35.0,1.0,1.2,7.5,7.0,1.0,0.8,,,0.4,61.9,10.0,8.3,17.0,2.0,68.0,2.1,2.6,1.0,2946,35,KOR,20.0,17.0,0.52,0.0
Ibrahim Sangaré,Nottingham Forest,,,,,,,1.0,,,,,,,0.4,0.0,,,0.6,,,,,,,,,,,,,,,,,,,,,,,,,,,,,7.0,0.6,,,1037,17,CIV,0.0,0.0,,0.0
Ibrahima Konaté,Liverpool,2.7,43.1,73.0,88.0,1.0,0.0,,,,0.3,85.7,2.9,51.0,0.5,0.0,0.03,0.0,0.8,0.5,0.05,1.4,,,,1.1,20.0,0.1,18.2,0.7,12.0,,,,,7.16,0.0,0.1,2.5,,,1.3,61.1,,,,,8.0,0.5,0.6,3.0,1571,22,FRA,0.0,0.0,0.0,1.0
Idrissa Gana Gueye,Everton,1.0,42.3,35.8,85.6,1.0,0.0,,,,0.5,50.0,0.8,16.0,0.8,0.0,0.04,0.0,1.3,2.8,0.06,1.7,,,4.0,1.3,28.0,0.3,26.9,0.3,7.0,,,,,7.24,2.0,0.8,4.4,,,2.1,60.3,,,4.0,0.0,15.0,0.7,1.2,8.0,1892,25,SEN,15.4,4.0,0.19,0.0
Igor,Brighton and Hove Albion,1.3,46.9,73.0,93.6,1.0,0.0,,,,0.9,76.2,2.5,45.0,0.5,0.0,0.03,0.0,0.3,,0.02,1.2,,,,0.8,14.0,,,0.5,9.0,,,,,6.89,0.0,0.2,3.0,,,1.0,72.0,,,,,7.0,0.4,0.3,4.0,1636,24,BRA,0.0,0.0,0.0,0.0
Illia Zabarnyi,Bournemouth,3.5,39.2,39.7,81.6,,,2.0,,,0.2,81.8,3.7,138.0,0.6,0.0,0.02,0.0,1.1,1.0,0.03,0.6,,,1.0,0.9,33.0,0.1,37.5,0.9,34.0,,,,,6.67,0.0,0.0,1.7,,,0.9,54.2,,,1.0,0.0,7.0,0.2,0.2,5.0,3330,37,UKR,12.5,1.0,0.03,0.0
Issa Diop,Fulham,,,,,,,,,,,,,,0.4,0.0,,,0.3,0.3,,,,,,,,,,,,3.0,18.0,,,,,,,,,,,,,,,,,,2.0,1425,18,FRA,,0.0,,1.0
Issa Kaboré,Luton Town,0.8,31.9,21.4,76.0,5.0,2.0,,,,0.9,50.0,2.4,46.0,1.9,2.0,0.1,0.1,0.2,0.1,0.01,1.4,,,,0.8,16.0,0.1,16.7,0.6,11.0,,,,,6.74,0.0,0.3,1.7,,,1.5,53.8,2.0,1.9,,,16.0,0.8,0.3,7.0,1732,24,BFA,0.0,0.0,0.0,0.0
Ivan Toney,Brentford,,,,,3.0,2.0,11.0,,,,,,,1.4,2.0,,,6.0,5.0,,,,,,,,,,,,,,,,,,,,,,,,2.0,1.4,4.0,0.0,12.0,0.7,,,1449,17,ENG,7.8,4.0,,0.0
Jack Grealish,Manchester City,1.1,75.0,43.4,87.7,3.0,1.0,,,,1.6,62.1,0.4,4.0,2.8,1.0,0.25,0.1,2.1,2.2,0.19,0.5,,,3.0,0.5,6.0,0.4,22.7,0.2,2.0,,,,,,,0.9,1.8,,,0.7,61.5,1.0,2.8,3.0,0.0,26.0,2.3,2.0,7.0,1003,20,ENG,13.6,3.0,0.27,0.0
Jack Harrison,Everton,0.6,30.4,15.7,72.7,5.0,3.0,3.0,,,1.2,42.6,0.9,21.0,3.3,3.0,0.13,0.1,3.6,3.0,0.14,0.8,,,3.0,0.5,12.0,0.4,26.5,0.2,5.0,,,,,6.85,1.0,0.7,2.3,,,0.9,59.5,3.0,3.3,3.0,0.0,28.0,1.1,1.4,1.0,2219,29,ENG,8.8,3.0,0.12,0.0
Jack Robinson,Sheffield United,2.2,36.5,25.6,77.3,1.0,1.0,2.0,,,0.2,62.5,4.0,127.0,1.0,1.0,0.03,0.0,1.2,2.5,0.04,0.6,,,1.0,1.0,33.0,0.2,42.9,1.0,33.0,,,,,6.38,0.0,0.0,1.2,,,0.9,65.1,1.0,1.0,1.0,0.0,12.0,0.4,0.4,10.0,2885,34,ENG,7.1,1.0,0.03,0.0
Jacob Brown,Luton Town,0.4,16.7,11.4,56.3,1.0,0.0,3.0,,,0.5,27.3,1.5,17.0,0.4,0.0,0.04,0.0,2.8,1.5,0.25,1.7,,,2.0,0.7,8.0,0.6,26.9,0.1,1.0,,,,,6.49,0.0,1.1,1.7,,,1.1,63.2,,,2.0,0.0,8.0,0.7,2.3,4.0,1020,19,SCO,7.7,2.0,0.18,0.0
Jacob Bruun Larsen,Burnley,1.0,66.7,25.3,76.8,1.0,0.0,4.0,,,1.4,39.2,1.5,21.0,1.8,0.0,0.13,0.0,5.0,4.7,0.36,0.9,,,6.0,0.5,7.0,1.2,36.4,0.1,2.0,,,,,6.68,0.0,0.6,2.2,,,0.3,44.4,,,6.0,1.0,25.0,1.8,3.2,1.0,1248,32,DEN,13.6,6.0,0.43,0.0
Jacob Murphy,Newcastle United,0.5,25.0,23.4,73.6,10.0,7.0,3.0,,,1.0,50.0,1.0,13.0,3.4,7.0,0.26,0.5,2.2,2.3,0.16,0.5,,,3.0,0.5,6.0,0.8,33.3,,,,,,,,,0.9,2.4,,,0.8,50.0,7.0,3.4,3.0,0.0,31.0,2.3,2.3,1.0,1193,21,ENG,10.0,3.0,0.23,0.0
Jakub Kiwior,Arsenal,2.0,50.0,44.5,85.8,1.0,3.0,3.0,,,0.2,66.7,2.3,24.0,0.6,3.0,0.06,0.3,0.8,0.4,0.08,1.0,,,1.0,0.8,8.0,0.3,50.0,0.3,3.0,,,,,,,0.1,1.6,,,1.1,60.0,3.0,0.6,1.0,0.0,6.0,0.6,0.6,1.0,945,20,POL,16.7,1.0,0.1,0.0
Jamaal Lascelles,Newcastle United,,,,,,,1.0,,,,,,,0.1,0.0,,,0.8,0.4,,,,,,,,,,,,,,,,,,,,,,,,,,1.0,0.0,2.0,0.2,,,1080,16,ENG,16.7,1.0,,0.0
James Garner,Everton,1.4,53.5,27.6,82.8,7.0,2.0,1.0,,,0.6,54.3,1.3,45.0,3.7,2.0,0.11,0.1,2.8,1.8,0.08,1.2,,,1.0,1.3,45.0,0.3,26.8,0.4,14.0,,,,,7.15,1.0,0.8,2.9,,,1.3,53.0,2.0,3.7,1.0,0.0,44.0,1.3,1.2,7.0,3005,37,ENG,2.4,1.0,0.03,0.0
James Maddison,Tottenham Hotspur,1.8,62.3,49.2,87.4,11.0,9.0,4.0,,,1.3,48.5,0.3,8.0,6.3,9.0,0.26,0.4,6.4,7.5,0.27,0.9,,,4.0,0.5,13.0,1.0,39.7,0.1,3.0,,,,,7.59,2.0,0.8,1.2,,,0.8,57.6,9.0,6.3,4.0,0.0,67.0,2.8,2.4,5.0,2152,28,ENG,6.9,4.0,0.17,0.0
James McAtee,Sheffield United,0.3,28.0,17.3,72.0,4.0,3.0,2.0,,,1.6,38.8,0.7,15.0,2.1,3.0,0.11,0.1,3.1,3.6,0.15,0.7,,,3.0,0.5,11.0,0.4,34.6,,,,,,,6.63,0.0,0.7,1.8,,,1.0,65.6,3.0,2.1,3.0,1.0,28.0,1.4,1.3,2.0,1828,31,ENG,11.5,3.0,0.15,0.0
James Tarkowski,Everton,4.2,53.4,31.2,77.8,5.0,1.0,4.0,,,0.4,80.0,4.9,186.0,2.7,1.0,0.07,0.0,2.7,1.0,0.07,1.2,,,1.0,1.5,56.0,0.1,20.0,1.5,56.0,1.0,38.0,,,7.13,2.0,0.2,2.0,,,1.1,68.9,1.0,2.7,1.0,0.0,22.0,0.6,0.7,11.0,3419,38,ENG,4.0,1.0,0.03,0.0
James Trafford,Burnley,,,30.3,62.1,,,,2.0,62.0,0.1,100.0,1.4,38.0,0.1,0.0,0.0,0.0,,,,,2.2,62.0,,0.0,1.0,,,,,,,,,6.66,1.0,,,3.8,106.0,0.0,50.0,,,,,,,,,2520,28,ENG,,,,0.0
James Ward-Prowse,West Ham United,1.5,63.3,39.5,89.6,12.0,7.0,1.0,,,0.3,61.1,1.3,44.0,6.3,7.0,0.19,0.2,6.2,7.3,0.19,0.7,,,7.0,1.1,38.0,0.5,40.9,0.3,9.0,,,,,7.37,4.0,0.4,2.0,,,0.9,64.4,7.0,6.3,7.0,2.0,64.0,1.9,1.3,4.0,3005,37,ENG,15.9,7.0,0.21,0.0
Jan Paul van Hecke,Brighton and Hove Albion,3.3,62.9,84.3,92.5,,,2.0,,,0.2,71.4,2.8,74.0,1.1,0.0,0.04,0.0,1.2,1.5,0.05,0.5,,,,1.1,30.0,0.2,40.0,1.0,27.0,1.0,28.0,,,7.05,0.0,0.2,1.4,,,1.0,55.3,,,,,10.0,0.4,0.6,4.0,2368,28,NED,0.0,0.0,0.0,0.0
Jarell Quansah,Liverpool,,,,,,,,,,,,,,0.2,0.0,,,1.0,1.8,,,,,,,,,,,,1.0,17.0,,,,,,,,,,,,,2.0,0.0,3.0,0.2,,,1189,17,ENG,,2.0,,0.0
Jarrad Branthwaite,Everton,2.1,40.1,31.7,80.1,1.0,0.0,1.0,,,0.1,71.4,4.5,157.0,1.3,0.0,0.04,0.0,1.8,1.7,0.05,0.7,,,3.0,1.4,50.0,0.1,28.6,1.0,36.0,1.0,35.0,1.0,0.5,7.12,0.0,0.1,2.4,,,0.9,48.5,,,3.0,0.0,4.0,0.1,0.4,8.0,3117,35,ENG,21.4,3.0,0.09,0.0
Jarrod Bowen,West Ham United,0.4,48.1,13.9,75.1,12.0,6.0,13.0,,,1.0,38.2,0.4,12.0,4.8,6.0,0.14,0.2,11.9,16.0,0.35,0.8,,,16.0,0.6,19.0,1.1,44.0,0.1,5.0,,,,,7.25,2.0,0.8,1.4,,,0.8,66.7,6.0,4.8,16.0,0.0,32.0,1.0,2.5,2.0,3020,34,ENG,19.1,16.0,0.48,0.0
Jason Steele,Brighton and Hove Albion,,,,,,,,2.0,34.0,,,,,0.0,0.0,,,,,,,,,,,,,,,,,,,,,,,,,,,,,,,,,,,,1530,17,ENG,,,,
Jayden Bogle,Sheffield United,1.1,31.8,17.3,69.7,,,1.0,,,0.8,48.1,2.8,86.0,1.2,0.0,0.04,0.0,2.3,2.6,0.07,1.2,,,3.0,1.0,32.0,0.4,34.4,0.4,11.0,,,,,6.59,0.0,0.3,1.4,,,1.2,54.5,,,3.0,0.0,10.0,0.3,1.0,9.0,2792,34,ENG,9.4,3.0,0.1,0.0
Jean-Philippe Mateta,Crystal Palace,0.3,80.0,12.0,73.8,5.0,5.0,7.0,,,1.0,41.0,0.6,14.0,1.3,5.0,0.05,0.2,10.9,13.4,0.43,1.4,,,16.0,0.2,4.0,1.1,63.0,0.2,4.0,,,2.0,0.9,6.95,4.0,1.2,1.5,,,0.6,68.2,5.0,1.3,16.0,2.0,32.0,1.3,1.8,3.0,2283,35,FRA,34.8,16.0,0.63,0.0
Jean-Ricner Bellegarde,Wolverhampton Wanderers,0.5,45.5,22.3,84.3,1.0,1.0,,,,1.6,50.0,1.2,13.0,0.8,1.0,0.07,0.1,1.6,1.0,0.15,0.9,,,2.0,0.8,8.0,0.5,33.3,0.2,2.0,,,,,6.48,0.0,0.8,1.9,,,0.9,58.8,1.0,0.8,2.0,0.0,12.0,1.1,1.4,0.0,958,22,HAI,13.3,2.0,0.19,1.0
Jefferson Lerma,Crystal Palace,1.5,44.9,37.8,82.4,3.0,1.0,2.0,,,0.4,64.7,2.4,64.0,2.0,1.0,0.07,0.0,2.7,1.8,0.1,1.6,,,1.0,1.3,36.0,0.3,26.5,0.4,12.0,,,,,7.15,1.0,0.5,3.0,,,0.9,59.5,1.0,2.0,1.0,0.0,24.0,0.9,1.3,8.0,2403,28,COL,2.9,1.0,0.04,0.0
Jeffrey Schlupp,Crystal Palace,0.4,27.3,16.3,75.9,2.0,2.0,1.0,,,1.1,45.9,1.2,18.0,1.4,2.0,0.09,0.1,1.9,2.8,0.12,1.6,,,2.0,0.5,8.0,0.7,57.9,0.1,2.0,,,,,6.7,0.0,0.5,1.3,,,1.6,63.2,2.0,1.4,2.0,0.0,19.0,1.3,1.3,1.0,1355,29,GHA,10.5,2.0,0.13,0.0
Joachim Andersen,Crystal Palace,5.3,42.4,45.1,79.5,5.0,3.0,3.0,,,0.4,70.0,5.3,202.0,2.3,3.0,0.06,0.1,1.7,1.1,0.04,1.1,,,2.0,1.1,41.0,0.2,38.1,0.5,18.0,,,,,7.03,2.0,0.1,2.1,,,0.9,62.5,3.0,2.3,2.0,0.0,20.0,0.5,0.6,7.0,3416,38,DEN,9.5,2.0,0.05,0.0
Joao Gomes,Wolverhampton Wanderers,1.0,39.2,34.9,83.3,2.0,1.0,1.0,,,0.9,53.1,1.0,29.0,1.7,1.0,0.06,0.0,1.7,1.5,0.06,2.2,,,2.0,0.6,18.0,0.3,30.8,0.3,8.0,2.0,34.0,,,6.99,1.0,0.9,3.0,,,2.5,57.8,1.0,1.7,2.0,0.0,20.0,0.7,0.9,11.0,2658,34,BRA,7.7,2.0,0.07,0.0
Joao Palhinha,Fulham,2.7,55.6,36.4,83.0,1.0,1.0,4.0,,,0.4,55.0,1.8,54.0,1.0,1.0,0.03,0.0,3.3,3.7,0.11,1.7,,,4.0,1.5,46.0,0.5,31.1,0.3,9.0,1.0,33.0,,,7.15,1.0,0.4,3.2,,,2.5,49.3,1.0,1.0,4.0,0.0,13.0,0.4,1.5,13.0,2709,33,POR,8.9,4.0,0.13,0.0
Joao Pedro,Brighton and Hove Albion,0.6,58.3,28.2,82.7,9.0,3.0,9.0,,,1.9,48.9,1.1,25.0,4.7,3.0,0.21,0.1,12.0,10.4,0.53,0.8,,,9.0,0.5,11.0,1.1,34.7,0.1,2.0,,,2.0,2.6,7.06,2.0,0.7,1.5,,,0.6,45.2,3.0,4.7,9.0,4.0,38.0,1.7,3.3,2.0,2043,31,BRA,12.0,9.0,0.4,0.0
Joel Veltman,Brighton and Hove Albion,1.7,46.2,39.1,84.9,1.0,1.0,,,,0.1,16.7,3.0,52.0,0.6,1.0,0.03,0.1,0.5,0.9,0.03,1.0,,,1.0,1.0,18.0,0.2,60.0,0.4,7.0,,,,,6.72,0.0,0.2,1.8,,,2.3,75.9,1.0,0.6,1.0,0.0,4.0,0.2,0.3,4.0,1582,27,NED,20.0,1.0,0.06,0.0
Joel Ward,Crystal Palace,1.7,29.9,27.6,75.7,,,1.0,,,0.4,66.7,3.8,84.0,0.3,1.0,0.01,0.0,0.9,,0.04,1.0,,,,0.6,14.0,,,0.5,10.0,,,,,6.6,0.0,0.2,1.4,,,1.3,62.2,1.0,0.3,,,3.0,0.1,0.5,4.0,1982,26,ENG,0.0,0.0,0.0,0.0
Joelinton,Newcastle United,0.8,61.1,36.3,83.9,5.0,1.0,3.0,,,1.2,60.7,0.7,10.0,1.1,1.0,0.08,0.1,3.1,1.9,0.22,2.0,,,2.0,1.3,19.0,0.6,47.4,0.5,7.0,,,,,6.99,0.0,0.9,2.5,,,1.9,69.2,1.0,1.1,2.0,0.0,23.0,1.6,1.3,6.0,1282,20,BRA,10.5,2.0,0.14,0.0
Johann Berg Gudmundsson,Burnley,2.2,46.8,27.5,78.3,5.0,3.0,3.0,,,0.4,41.7,1.2,16.0,2.5,3.0,0.19,0.2,1.9,1.8,0.14,0.7,,,1.0,1.2,16.0,0.5,40.0,,,,,,,6.67,0.0,0.5,2.1,,,0.3,30.8,3.0,2.5,1.0,0.0,35.0,2.6,1.1,2.0,1191,26,ISL,6.7,1.0,0.08,0.0
John McGinn,Aston Villa,2.2,61.9,28.3,82.7,10.0,4.0,3.0,,,1.6,66.7,0.5,18.0,4.9,4.0,0.15,0.1,5.0,5.2,0.15,1.2,,,6.0,0.6,21.0,0.5,40.0,0.1,4.0,,,,,7.19,1.0,0.7,2.4,,,1.0,59.3,4.0,4.9,6.0,0.0,44.0,1.3,1.2,9.0,3009,35,SCO,15.0,6.0,0.18,1.0
John Stones,Manchester City,,,,,,,,,,,,,,0.4,0.0,,,1.0,1.1,,,,,,,,,,,,,,,,,,,,,,,,,,1.0,0.0,6.0,0.5,,,1064,16,ENG,,1.0,,0.0
Jonny Evans,Manchester United,1.1,32.1,46.8,87.9,1.0,1.0,,,,0.3,66.7,4.8,74.0,0.3,1.0,0.02,0.1,0.4,0.7,0.03,1.1,,,,1.5,23.0,,,1.2,18.0,,,,,6.85,0.0,0.1,1.4,,,0.9,63.6,1.0,0.3,,,6.0,0.4,0.1,2.0,1396,23,NIR,0.0,0.0,0.0,0.0
Jordan Ayew,Crystal Palace,0.4,34.4,23.1,80.6,7.0,7.0,4.0,,,1.8,47.7,0.5,13.0,2.7,7.0,0.09,0.2,3.9,3.7,0.14,1.6,,,4.0,0.6,16.0,0.7,41.7,0.1,2.0,,,,,7.0,1.0,0.8,2.4,,,1.3,55.4,7.0,2.7,4.0,0.0,25.0,0.9,1.7,7.0,2549,35,GHA,8.3,4.0,0.14,1.0
Jordan Beyer,Burnley,,,,,1.0,1.0,,,,,,,,0.2,1.0,,,0.6,,,,,,,,,,,,,,,,,,,,,,,,,1.0,0.2,,,3.0,0.2,,,1238,15,GER,,0.0,,0.0
Jordan Clark,Luton Town,1.7,51.0,24.7,74.1,3.0,1.0,,,,0.8,33.3,1.0,14.0,1.2,1.0,0.08,0.1,1.0,1.0,0.07,1.0,,,1.0,0.8,11.0,0.3,23.5,0.2,3.0,,,,,6.58,1.0,0.3,1.9,,,1.2,56.7,1.0,1.2,1.0,0.0,12.0,0.8,1.2,4.0,1306,23,ENG,5.9,1.0,0.07,0.0
Jordan Pickford,Everton,,,22.3,59.4,,,,13.0,51.0,0.0,100.0,0.9,34.0,0.4,0.0,0.01,0.0,,,,0.0,1.3,51.0,,,,,,,,1.0,38.0,,,6.94,3.0,,,3.2,121.0,,,,,,,4.0,0.1,,5.0,3420,38,ENG,,,,0.0
Jorginho,Arsenal,3.7,71.7,68.3,90.2,2.0,2.0,,,,0.2,40.0,0.7,7.0,2.1,2.0,0.21,0.2,0.1,,0.01,0.9,,,,1.2,12.0,,,0.1,1.0,,,,,,,0.3,3.4,,,1.0,41.7,2.0,2.1,,,10.0,1.0,0.4,1.0,919,24,ITA,0.0,0.0,0.0,0.0
Joseph Gomez,Liverpool,2.4,58.5,50.1,86.2,2.0,1.0,,,,0.8,55.6,2.3,45.0,1.1,1.0,0.06,0.1,0.8,0.3,0.04,1.4,,,,1.0,19.0,0.1,10.5,0.2,4.0,,,,,6.98,0.0,0.4,2.7,,,1.6,66.0,1.0,1.1,,,22.0,1.1,1.0,5.0,1779,32,ENG,0.0,0.0,0.0,0.0
Josh Brownhill,Burnley,1.8,45.4,33.0,80.3,,,1.0,,,0.3,53.8,1.6,40.0,2.1,2.0,0.08,0.1,1.9,2.6,0.08,1.5,,,4.0,1.4,34.0,0.4,39.3,0.3,8.0,1.0,33.0,,,6.97,0.0,0.5,2.8,,,1.4,57.4,2.0,2.1,4.0,0.0,34.0,1.4,1.1,4.0,2251,33,ENG,14.3,4.0,0.16,1.0
Josh Cullen,Burnley,1.5,43.8,50.8,86.7,3.0,3.0,,,,0.1,37.5,1.0,24.0,2.3,3.0,0.1,0.1,0.6,0.9,0.03,1.0,,,2.0,0.7,15.0,0.2,31.3,0.8,19.0,,,,,7.13,0.0,0.6,3.7,,,1.3,69.0,3.0,2.3,2.0,0.0,26.0,1.1,0.7,9.0,2059,25,IRL,12.5,2.0,0.09,0.0
Josko Gvardiol,Manchester City,1.6,63.1,59.1,88.3,2.0,1.0,4.0,,,1.0,65.0,1.0,26.0,2.1,1.0,0.08,0.0,3.2,2.8,0.12,0.8,,,4.0,1.0,27.0,0.5,43.8,0.5,12.0,,,1.0,0.9,7.53,0.0,0.7,2.9,,,1.3,60.0,1.0,2.1,4.0,0.0,18.0,0.7,1.2,3.0,2328,28,CRO,12.5,4.0,0.15,0.0
José Sá,Wolverhampton Wanderers,,,15.8,59.2,,,,4.0,58.0,0.1,100.0,0.9,30.0,0.0,1.0,0.0,0.0,,,,,1.7,58.0,,,,,,,,,,,,6.73,1.0,,,4.0,134.0,,,1.0,0.0,,,1.0,0.0,,,3038,35,POR,,,,0.0
Julián Álvarez,Manchester City,0.8,70.6,33.1,87.9,7.0,9.0,10.0,,,0.7,47.6,0.4,13.0,6.3,9.0,0.21,0.3,13.1,14.8,0.44,0.8,,,11.0,0.1,2.0,1.4,40.8,,,,,2.0,0.4,7.47,3.0,1.1,1.3,,,0.4,54.2,9.0,6.3,11.0,2.0,67.0,2.3,3.3,2.0,2657,36,ARG,11.2,11.0,0.37,0.0
Justin Kluivert,Bournemouth,0.6,52.2,12.8,72.4,1.0,1.0,7.0,,,1.1,36.9,0.5,10.0,1.7,1.0,0.08,0.0,6.2,6.3,0.29,2.4,,,7.0,0.4,8.0,0.9,35.7,0.0,1.0,,,,,6.7,0.0,0.9,2.0,,,0.7,50.0,1.0,1.7,7.0,0.0,21.0,1.0,2.6,5.0,1934,32,NED,12.5,7.0,0.33,0.0
Jérémy Doku,Manchester City,0.8,100.0,38.2,86.0,5.0,8.0,1.0,,,4.9,57.6,0.1,2.0,5.9,8.0,0.33,0.5,2.5,3.3,0.14,0.8,,,3.0,0.5,9.0,1.1,34.5,,,,,2.0,1.9,7.32,4.0,1.0,1.8,,,1.2,56.4,8.0,5.9,3.0,0.0,45.0,2.5,3.1,3.0,1593,29,BEL,5.5,3.0,0.17,0.0
Kai Havertz,Arsenal,0.3,47.1,25.8,81.1,8.0,7.0,13.0,,,0.5,45.7,0.8,22.0,4.3,7.0,0.15,0.2,12.3,11.2,0.42,1.7,,,13.0,0.7,20.0,1.0,40.6,0.0,1.0,,,1.0,1.5,7.3,4.0,0.9,1.9,,,0.5,42.9,7.0,4.3,13.0,1.0,46.0,1.6,2.4,11.0,2639,37,GER,18.8,13.0,0.44,0.0
Kaoru Mitoma,Brighton and Hove Albion,0.3,45.5,30.1,83.4,6.0,4.0,6.0,,,2.4,47.0,0.7,11.0,3.6,4.0,0.21,0.2,3.5,5.3,0.21,0.8,,,3.0,0.3,5.0,0.9,44.1,0.1,1.0,,,,,7.23,1.0,0.8,2.2,,,0.4,46.2,4.0,3.6,3.0,0.0,25.0,1.5,2.1,4.0,1488,19,JPN,8.8,3.0,0.18,0.0
Keane Lewis-Potter,Brentford,0.6,33.3,17.3,77.4,3.0,1.0,12.0,,,1.3,38.9,1.2,20.0,2.0,1.0,0.12,0.1,6.3,6.4,0.4,0.6,,,3.0,0.4,7.0,1.4,51.2,0.1,2.0,,,,,6.63,0.0,0.6,1.6,,,0.4,41.2,1.0,2.0,3.0,0.0,13.0,0.8,2.7,0.0,1441,30,ENG,7.0,3.0,0.19,
Kevin De Bruyne,Manchester City,,,,,21.0,10.0,1.0,,,,,,,7.1,10.0,,,2.4,4.0,,,,,,,,,,,,,,,,,,,,,,,,10.0,7.1,4.0,0.0,59.0,4.3,,,1227,18,BEL,9.1,4.0,,0.0
Kieran Trippier,Newcastle United,3.2,44.6,54.9,79.7,13.0,10.0,,,,0.6,72.7,1.9,47.0,7.1,10.0,0.28,0.4,0.7,1.2,0.03,1.1,,,1.0,1.0,24.0,0.1,25.0,0.3,8.0,,,,,7.35,4.0,0.5,2.6,,,1.1,47.4,10.0,7.1,1.0,0.0,65.0,2.6,0.3,5.0,2240,28,ENG,12.5,1.0,0.04,0.0
Kobbie Mainoo,Manchester United,1.0,52.5,34.7,86.7,,,,,,1.4,58.5,1.3,27.0,1.6,1.0,0.08,0.0,0.9,1.7,0.04,0.7,,,3.0,1.0,22.0,0.2,45.5,0.6,12.0,,,,,6.95,0.0,0.3,2.6,,,1.3,57.4,1.0,1.6,3.0,0.0,15.0,0.7,0.5,3.0,1939,24,ENG,27.3,3.0,0.14,0.0
Konstantinos Mavropanos,West Ham United,2.4,33.9,28.8,76.7,,,1.0,,,0.1,50.0,4.7,78.0,0.1,0.0,0.01,0.0,1.4,0.6,0.08,0.9,,,1.0,1.4,23.0,0.2,25.0,0.8,13.0,,,,,,,0.1,1.8,,,1.0,57.1,,,1.0,0.0,3.0,0.2,0.7,2.0,1501,19,GRE,8.3,1.0,0.06,0.0
Kristoffer Vassbakk Ajer,Brentford,1.5,36.0,26.9,75.9,5.0,1.0,,,,0.5,83.3,3.8,78.0,2.7,1.0,0.13,0.0,1.3,1.4,0.06,1.2,,,2.0,1.2,25.0,0.2,33.3,0.5,11.0,,,,,6.69,0.0,0.0,1.0,,,1.0,55.3,1.0,2.7,2.0,0.0,12.0,0.6,0.6,5.0,1833,28,NOR,16.7,2.0,0.1,0.0
Kurt Zouma,West Ham United,2.2,39.7,30.4,83.9,,,,,,0.1,66.7,5.0,158.0,0.1,0.0,0.0,0.0,1.8,2.5,0.06,0.8,,,3.0,0.9,29.0,0.2,43.8,0.9,28.0,1.0,33.0,,,6.54,0.0,,,,,0.5,73.9,,,3.0,0.0,4.0,0.1,0.5,3.0,2838,33,FRA,18.8,3.0,0.1,0.0
Kyle Walker,Manchester City,2.5,56.5,62.8,90.4,7.0,4.0,,,,0.7,65.6,1.1,35.0,3.2,4.0,0.11,0.1,0.4,0.2,0.01,0.7,,,,0.9,27.0,0.1,18.8,0.2,6.0,,,,,7.36,0.0,0.4,2.2,,,0.8,63.2,4.0,3.2,,,25.0,0.8,0.5,2.0,2767,32,ENG,0.0,0.0,0.0,0.0
Leandro Trossard,Arsenal,1.0,56.3,26.1,78.7,3.0,1.0,7.0,,,1.4,61.0,0.3,5.0,3.2,1.0,0.17,0.1,7.9,10.6,0.43,0.8,,,12.0,0.4,8.0,1.2,36.7,0.1,1.0,,,1.0,1.1,7.01,1.0,0.7,3.1,,,0.9,59.3,1.0,3.2,12.0,0.0,24.0,1.3,3.3,2.0,1646,34,BEL,20.0,12.0,0.66,0.0
Leon Bailey,Aston Villa,1.2,65.9,23.8,78.2,12.0,9.0,1.0,,,2.5,53.3,0.2,4.0,7.3,9.0,0.32,0.4,6.3,6.2,0.27,1.1,,,10.0,0.4,9.0,0.8,34.0,0.0,1.0,,,,,7.14,4.0,0.6,1.5,,,0.3,53.8,9.0,7.3,10.0,0.0,52.0,2.3,2.3,5.0,2072,35,JAM,18.9,10.0,0.43,0.0
Levi Colwill,Chelsea,2.2,38.4,43.9,83.4,3.0,1.0,,,,0.5,69.2,3.2,64.0,0.5,1.0,0.03,0.1,1.3,1.7,0.06,1.3,,,1.0,1.3,26.0,0.2,27.3,0.5,10.0,,,,,7.1,2.0,0.2,1.7,,,1.5,62.5,1.0,0.5,1.0,0.0,7.0,0.4,0.6,2.0,1798,23,ENG,9.1,1.0,0.05,0.0
Lewis Cook,Bournemouth,1.6,38.3,35.2,81.2,3.0,3.0,,,,0.7,60.0,1.4,43.0,3.0,3.0,0.1,0.1,0.4,0.4,0.01,1.3,,,,2.1,65.0,0.1,33.3,0.4,11.0,,,,,7.1,2.0,0.7,3.4,,,1.3,67.2,3.0,3.0,,,46.0,1.5,0.4,5.0,2792,33,ENG,0.0,0.0,0.0,1.0
Lewis Dunk,Brighton and Hove Albion,4.7,55.2,93.1,92.5,1.0,1.0,1.0,,,0.2,71.4,2.8,88.0,2.2,1.0,0.07,0.0,3.1,3.6,0.1,0.7,,,3.0,1.0,31.0,0.4,36.4,1.2,37.0,1.0,33.0,,,6.91,0.0,,,,,0.4,51.9,1.0,2.2,3.0,0.0,13.0,0.4,1.0,7.0,2872,33,ENG,9.1,3.0,0.09,1.0
Lewis Miley,Newcastle United,,,,,3.0,3.0,1.0,,,,,,,1.4,3.0,,,1.2,1.0,,,,,,,,,,,,,,,,,,,,,,,,3.0,1.4,1.0,0.0,12.0,0.9,,,1205,17,ENG,7.7,1.0,,0.0
Lloyd Kelly,Bournemouth,3.2,36.2,34.6,77.6,2.0,1.0,1.0,,,0.1,100.0,3.4,59.0,0.8,1.0,0.05,0.1,0.3,0.7,0.02,1.0,,,,0.8,13.0,0.1,25.0,0.7,12.0,1.0,23.0,,,6.67,1.0,0.3,3.1,,,1.1,79.2,1.0,0.8,,,9.0,0.5,0.2,2.0,1556,23,ENG,0.0,0.0,0.0,0.0
Lorenz Assignon,Burnley,,,,,3.0,2.0,,,,,,,,1.6,2.0,,,0.4,0.8,,,,,,,,,,,,2.0,15.0,,,,,,,,,,,2.0,1.6,1.0,0.0,13.0,0.9,,3.0,1237,15,FRA,,1.0,,1.0
Luca Koleosho,Burnley,,,,,2.0,1.0,3.0,,,,,,,1.1,1.0,,,2.0,0.6,,,,,,,,,,,,,,1.0,1.2,,,,,,,,,1.0,1.1,1.0,0.0,11.0,1.0,,,984,15,USA,4.4,1.0,,
Lucas Digne,Aston Villa,0.8,36.2,30.8,81.4,5.0,3.0,,,,0.4,38.5,2.3,61.0,3.6,3.0,0.13,0.1,1.1,1.3,0.04,1.1,,,1.0,1.0,26.0,0.1,20.0,0.1,2.0,,,,,6.86,0.0,0.3,0.9,,,0.7,40.4,3.0,3.6,1.0,0.0,38.0,1.4,0.7,7.0,2410,33,FRA,5.0,1.0,0.04,0.0
Lucas Paquetá,West Ham United,2.4,53.0,36.3,75.2,12.0,6.0,3.0,,,1.4,58.6,0.9,25.0,5.1,6.0,0.17,0.2,5.4,3.7,0.18,1.6,,,4.0,0.7,21.0,0.4,26.2,0.0,1.0,,,,,7.31,4.0,1.0,2.5,,,1.6,67.6,6.0,5.1,4.0,2.0,43.0,1.5,1.4,10.0,2634,31,BRA,9.5,4.0,0.14,0.0
Luis Diaz,Liverpool,1.5,78.6,29.6,85.3,5.0,5.0,13.0,,,2.3,54.0,0.2,7.0,4.7,5.0,0.16,0.2,11.9,8.8,0.4,1.8,,,8.0,0.1,3.0,1.1,34.0,,,,,1.0,1.4,7.31,2.0,0.8,2.0,,,0.9,71.4,5.0,4.7,8.0,0.0,64.0,2.2,3.2,3.0,2646,37,COL,8.5,8.0,0.27,0.0
Luke Shaw,Manchester United,,,,,1.0,0.0,,,,,,,,0.9,0.0,,,0.0,,,,,,,,,,,,,,,,,,,,,,,,,,,,,13.0,1.2,,,962,12,ENG,,0.0,,0.0
Luke Thomas,Sheffield United,,,,,,,1.0,,,,,,,0.2,0.0,,,0.5,0.7,,,,,,,,,,,,,,,,,,,,,,,,,,,,2.0,0.2,,,918,12,ENG,0.0,0.0,,0.0
Lyle Foster,Burnley,0.5,76.9,14.5,68.1,1.0,3.0,6.0,,,0.9,51.4,1.6,33.0,1.3,3.0,0.06,0.1,4.5,6.2,0.21,1.1,,,5.0,0.1,3.0,0.8,50.0,0.1,3.0,,,,,6.63,0.0,0.4,1.2,,,0.5,52.6,3.0,1.3,5.0,0.0,19.0,0.9,1.6,0.0,1906,24,RSA,14.7,5.0,0.24,1.0
Mads Roerslev,Brentford,1.0,29.3,18.9,68.9,3.0,2.0,1.0,,,0.5,42.3,2.8,61.0,1.4,2.0,0.06,0.1,0.9,1.0,0.04,0.5,,,1.0,0.9,19.0,0.0,14.3,0.1,3.0,,,,,6.58,0.0,0.2,0.9,,,1.4,64.6,2.0,1.4,1.0,0.0,15.0,0.7,0.3,1.0,1987,34,DEN,14.3,1.0,0.05,0.0
Malo Gusto,Chelsea,1.5,61.2,55.7,89.2,8.0,6.0,3.0,,,0.9,45.9,1.9,37.0,3.3,6.0,0.17,0.3,0.9,0.9,0.05,1.1,,,,0.9,17.0,0.3,33.3,0.2,4.0,1.0,27.0,,,7.13,0.0,0.5,2.1,,,1.4,49.1,6.0,3.3,,,32.0,1.6,0.8,7.0,1755,27,FRA,0.0,0.0,0.0,1.0
Manuel Akanji,Manchester City,2.9,68.1,77.1,93.8,,,2.0,,,0.1,50.0,2.2,61.0,1.8,0.0,0.06,0.0,1.9,1.4,0.07,0.6,,,2.0,0.8,23.0,0.2,33.3,0.4,12.0,,,,,7.31,0.0,0.3,2.3,,,1.0,66.7,,,2.0,0.0,13.0,0.5,0.5,2.0,2513,30,SUI,13.3,2.0,0.07,1.0
Marc Cucurella,Chelsea,0.8,27.3,46.2,86.7,1.0,2.0,2.0,,,0.2,36.4,1.7,33.0,1.2,2.0,0.06,0.1,1.1,1.3,0.06,1.2,,,,1.1,22.0,0.2,50.0,0.7,13.0,1.0,21.0,1.0,1.8,6.97,1.0,0.4,1.5,,,1.9,61.3,2.0,1.2,,,19.0,1.0,0.4,10.0,1784,21,ESP,0.0,0.0,0.0,0.0
Marc Guehi,Crystal Palace,3.8,48.0,50.4,87.2,1.0,1.0,,,,0.3,63.6,3.9,88.0,1.0,1.0,0.04,0.0,0.7,,0.03,0.6,,,,0.8,18.0,,,0.8,17.0,,,,,6.79,0.0,,,,,0.8,67.9,1.0,1.0,,,7.0,0.3,0.2,2.0,2022,25,ENG,0.0,0.0,0.0,0.0
Marcos Senesi,Bournemouth,5.0,44.2,39.6,78.5,2.0,5.0,,,,0.4,57.9,4.2,105.0,2.6,5.0,0.1,0.2,2.1,2.2,0.08,1.6,,,4.0,1.4,35.0,0.2,30.8,0.9,23.0,,,,,7.2,1.0,0.4,3.0,,,1.3,58.2,5.0,2.6,4.0,0.0,22.0,0.9,0.5,13.0,2247,31,ARG,30.8,4.0,0.16,0.0
Marcus Rashford,Manchester United,1.0,55.3,21.4,79.2,6.0,2.0,7.0,,,1.9,47.5,0.8,20.0,2.8,2.0,0.11,0.1,7.4,7.1,0.29,0.5,,,7.0,0.2,4.0,0.8,33.9,0.0,1.0,,,1.0,0.8,6.98,0.0,0.6,1.4,,,0.5,63.2,2.0,2.8,7.0,2.0,25.0,1.0,2.4,2.0,2278,33,ENG,11.3,7.0,0.28,0.0
Marcus Tavernier,Bournemouth,1.1,42.6,25.5,79.3,7.0,4.0,3.0,,,1.9,44.4,0.8,19.0,4.2,4.0,0.18,0.2,3.9,4.2,0.17,0.8,,,3.0,0.2,5.0,0.7,30.2,0.1,3.0,,,,,7.08,2.0,0.9,2.4,,,1.4,64.2,4.0,4.2,3.0,0.0,44.0,1.9,2.2,3.0,2129,30,ENG,5.7,3.0,0.13,0.0
Mario Lemina,Wolverhampton Wanderers,1.8,50.4,37.8,86.7,3.0,1.0,4.0,,,0.8,56.8,1.7,56.0,1.3,1.0,0.04,0.0,4.6,4.7,0.14,1.3,,,4.0,1.2,41.0,0.5,37.5,0.3,9.0,,,,,7.18,4.0,0.5,3.0,,,1.8,64.4,1.0,1.3,4.0,0.0,20.0,0.6,1.5,10.0,2974,35,GAB,8.3,4.0,0.12,1.0
Mark Flekken,Brentford,,,27.5,69.4,2.0,1.0,,7.0,63.0,0.1,75.0,1.1,40.0,0.2,1.0,0.0,0.0,,,,0.1,1.7,63.0,,,,,,,,1.0,37.0,,,6.56,1.0,,,3.2,115.0,0.0,100.0,1.0,0.2,,,4.0,0.1,,3.0,3285,37,NED,,,,0.0
Martin Dubravka,Newcastle United,,,17.2,74.9,,,,4.0,42.0,,,0.7,16.0,0.0,0.0,0.0,0.0,,,,0.1,1.9,42.0,,,,,,,,2.0,23.0,,,6.61,1.0,,,4.0,88.0,,,,,,,1.0,0.0,,1.0,1984,23,SVK,,,,0.0
Martin Ødegaard,Arsenal,1.3,60.8,47.9,86.8,17.0,10.0,4.0,,,1.1,49.3,0.1,5.0,11.2,10.0,0.32,0.3,7.4,7.0,0.22,0.9,,,8.0,0.4,15.0,0.7,29.9,0.0,1.0,,,1.0,1.0,7.64,4.0,1.2,2.3,,,0.5,34.7,10.0,11.2,8.0,2.0,102.0,3.0,2.2,2.0,3098,35,NOR,10.4,8.0,0.23,0.0
Marvelous Nakamba,Luton Town,,,,,,,,,,,,,,0.5,0.0,,,0.2,,,,,,,,,,,,,,,,,,,,,,,,,,,,,7.0,0.6,,,1134,13,ZIM,,0.0,,0.0
Mateo Kovacic,Manchester City,1.2,54.1,83.3,94.1,3.0,0.0,1.0,,,1.2,74.1,0.6,10.0,1.9,0.0,0.11,0.0,1.3,1.1,0.07,1.0,,,1.0,0.6,10.0,0.3,22.7,0.1,1.0,,,,,7.09,0.0,0.6,2.6,,,1.5,69.4,,,1.0,0.0,21.0,1.2,1.3,4.0,1548,30,CRO,4.6,1.0,0.06,0.0
Matheus Cunha,Wolverhampton Wanderers,0.7,56.3,23.5,81.6,7.0,7.0,6.0,,,2.3,51.2,0.7,20.0,3.0,7.0,0.11,0.3,9.5,10.5,0.35,1.1,,,12.0,0.5,13.0,1.4,52.1,0.3,7.0,,,1.0,1.8,7.29,4.0,0.8,2.2,,,0.6,53.3,7.0,3.0,12.0,1.0,28.0,1.0,2.7,9.0,2453,32,BRA,16.4,12.0,0.44,0.0
Mathias Jensen,Brentford,3.3,56.9,31.0,78.6,9.0,3.0,,,,0.7,43.9,1.0,24.0,4.8,3.0,0.19,0.1,0.7,1.1,0.03,1.1,,,3.0,0.9,23.0,0.3,50.0,0.2,6.0,,,1.0,0.8,6.95,1.0,0.6,2.5,,,1.3,59.3,3.0,4.8,3.0,0.0,41.0,1.7,0.6,5.0,2217,32,DEN,21.4,3.0,0.12,0.0
Mathias Jørgensen,Brentford,,,,,2.0,0.0,,,,,,,,0.5,0.0,,,0.7,0.9,,,,,,,,,,,,,,,,,,,,,,,,,,1.0,0.0,7.0,0.6,,,1086,14,DEN,,1.0,,0.0
Matt Doherty,Wolverhampton Wanderers,2.3,69.0,35.2,79.3,3.0,0.0,1.0,,,0.5,46.2,2.9,37.0,0.9,0.0,0.07,0.0,0.9,1.0,0.07,1.0,,,1.0,0.6,7.0,0.2,33.3,0.4,5.0,,,,,6.61,0.0,0.2,1.6,,,1.4,58.1,,,1.0,0.0,12.0,0.9,0.7,2.0,1142,30,IRL,11.1,1.0,0.08,0.0
Matt Turner,Nottingham Forest,,,,,,,,2.0,28.0,,,,,0.0,0.0,,,,,,,,,,,,,,,,,,,,,,,,,,,,,,,,,,,,1530,17,USA,,,,0.0
Matty Cash,Aston Villa,1.3,35.6,36.3,84.0,6.0,2.0,4.0,,,0.5,37.5,2.2,52.0,2.5,2.0,0.1,0.1,4.3,3.8,0.18,1.3,,,2.0,0.8,18.0,0.5,39.4,0.6,14.0,1.0,29.0,,,6.77,1.0,0.3,2.0,,,1.3,57.4,2.0,2.5,2.0,0.0,13.0,0.5,1.4,8.0,2142,29,POL,6.1,2.0,0.08,0.0
Matz Sels,Nottingham Forest,,,,,,,,1.0,27.0,,,,,0.1,0.0,,,,,,,,,,,,,,,,,,,,,,,,,,,,,,,,1.0,0.1,,,1440,16,BEL,,,,0.0
Max Aarons,Bournemouth,1.5,39.2,25.2,76.7,1.0,1.0,,,,1.0,53.8,1.5,21.0,0.9,1.0,0.07,0.1,0.0,,0.0,0.9,,,,0.6,8.0,,,0.4,5.0,1.0,20.0,,,,,0.4,1.6,,,1.4,65.5,1.0,0.9,,,7.0,0.5,0.1,1.0,1234,20,ENG,0.0,0.0,0.0,0.0
Max Kilman,Wolverhampton Wanderers,3.8,46.5,51.9,86.3,4.0,0.0,1.0,,,0.3,76.9,4.7,179.0,1.1,0.0,0.03,0.0,1.8,2.5,0.05,1.0,,,2.0,1.0,39.0,0.2,42.9,1.0,37.0,1.0,38.0,,,6.9,1.0,0.1,1.6,,,0.6,44.7,,,2.0,0.0,17.0,0.4,0.4,7.0,3420,38,ENG,14.3,2.0,0.05,0.0
Maxime Estève,Burnley,,,,,,,,,,,,,,0.2,0.0,,,0.3,,,,,,,,,,,,,,,,,,,,,,,,,,,,,1.0,0.1,,,1312,16,FRA,,0.0,,0.0
Michael Olise,Crystal Palace,1.8,71.4,35.7,83.1,9.0,6.0,3.0,,,2.8,54.8,0.6,9.0,5.0,6.0,0.35,0.4,5.5,6.5,0.39,0.9,,,10.0,0.8,11.0,1.5,36.8,,,,,,,7.71,5.0,0.5,2.3,,,0.7,52.6,6.0,5.0,10.0,1.0,36.0,2.5,4.0,0.0,1277,19,FRA,17.5,10.0,0.7,
Michail Antonio,West Ham United,0.4,53.3,9.1,64.6,1.0,2.0,6.0,,,1.5,52.7,0.2,4.0,1.3,2.0,0.07,0.1,5.8,5.4,0.3,1.3,,,6.0,0.2,4.0,0.7,46.7,0.2,3.0,,,,,6.61,0.0,0.7,1.0,,,0.4,53.3,2.0,1.3,6.0,0.0,8.0,0.4,1.6,6.0,1710,26,JAM,20.0,6.0,0.32,0.0
Micky van de Ven,Tottenham Hotspur,1.6,60.3,64.6,94.3,,,,,,0.6,62.5,2.7,71.0,0.3,0.0,0.01,0.0,1.0,1.1,0.04,0.5,,,3.0,0.7,18.0,0.1,37.5,0.6,15.0,1.0,27.0,,,7.12,1.0,0.1,2.7,,,1.3,71.4,,,3.0,0.0,1.0,0.0,0.3,5.0,2342,27,NED,37.5,3.0,0.12,0.0
Miguel Almiron,Newcastle United,0.6,65.0,30.4,85.8,6.0,1.0,4.0,,,1.1,51.1,0.6,12.0,2.4,1.0,0.11,0.0,4.5,4.5,0.21,0.7,,,3.0,0.5,10.0,0.6,29.3,0.1,2.0,,,,,6.84,0.0,0.8,1.9,,,1.1,66.7,1.0,2.4,3.0,0.0,24.0,1.1,1.9,2.0,1945,33,PAR,7.3,3.0,0.14,0.0
Milos Kerkez,Bournemouth,1.0,32.4,22.1,77.2,3.0,1.0,2.0,,,0.5,50.0,2.6,56.0,1.2,1.0,0.06,0.0,1.2,0.6,0.05,1.1,,,,0.9,20.0,0.2,31.3,0.5,11.0,,,1.0,1.0,6.54,0.0,0.5,1.5,,,1.2,55.3,1.0,1.2,,,12.0,0.5,0.7,4.0,1975,28,HUN,0.0,0.0,0.0,1.0
Mohamed Salah,Liverpool,0.9,64.9,25.1,75.7,22.0,10.0,17.0,,,1.0,35.5,0.0,1.0,7.5,10.0,0.27,0.4,21.2,23.2,0.75,0.4,,,18.0,0.1,2.0,2.0,49.1,0.0,1.0,,,1.0,0.9,7.64,8.0,1.0,1.5,,,0.4,64.7,10.0,7.5,18.0,5.0,66.0,2.3,4.0,2.0,2535,32,EGY,15.8,18.0,0.64,0.0
Mohammed Kudus,West Ham United,1.6,72.1,23.7,84.5,5.0,6.0,4.0,,,4.5,61.7,0.3,8.0,3.7,6.0,0.13,0.2,5.1,5.4,0.19,1.4,,,8.0,0.4,11.0,0.6,25.4,,,1.0,33.0,1.0,2.7,7.39,4.0,0.9,3.7,,,1.7,72.3,6.0,3.7,8.0,0.0,28.0,1.0,2.4,6.0,2483,33,GHA,11.9,8.0,0.29,0.0
Moisés Caicedo,Chelsea,2.8,72.1,59.7,90.8,4.0,3.0,,,,0.8,52.0,1.0,33.0,2.0,3.0,0.06,0.1,0.5,0.5,0.02,1.6,,,1.0,1.2,37.0,0.1,30.8,0.8,25.0,1.0,35.0,,,7.05,1.0,0.7,3.0,,,1.4,50.5,3.0,2.0,1.0,0.0,23.0,0.7,0.4,11.0,2872,35,ECU,7.7,1.0,0.03,0.0
Morgan Gibbs-White,Nottingham Forest,2.1,56.3,28.1,76.9,16.0,10.0,5.0,,,1.3,44.4,0.5,18.0,6.8,10.0,0.19,0.3,6.9,5.0,0.2,1.1,,,5.0,0.5,17.0,0.4,21.1,0.2,8.0,,,,,7.24,3.0,0.6,2.4,,,0.7,66.7,10.0,6.8,5.0,1.0,74.0,2.1,2.0,9.0,3160,37,ENG,7.0,5.0,0.14,0.0
Moussa Diaby,Aston Villa,0.4,56.3,19.4,82.6,13.0,8.0,7.0,,,1.2,43.9,0.2,5.0,4.5,8.0,0.19,0.3,7.1,7.9,0.29,0.7,,,6.0,0.4,9.0,0.9,42.6,0.0,1.0,,,,,6.89,1.0,0.4,1.0,,,0.2,41.7,8.0,4.5,6.0,0.0,47.0,1.9,2.2,1.0,2184,38,FRA,11.1,6.0,0.25,0.0
Moussa Niakhaté,Nottingham Forest,1.9,38.3,36.3,85.5,,,,,,0.2,100.0,3.0,49.0,0.3,0.0,0.02,0.0,1.1,1.0,0.07,0.7,,,1.0,0.9,14.0,0.1,20.0,0.7,12.0,,,,,6.57,0.0,0.1,1.7,,,1.5,59.5,,,1.0,0.0,3.0,0.2,0.3,3.0,1457,21,SEN,20.0,1.0,0.06,1.0
Murillo,Nottingham Forest,3.8,38.7,36.1,77.6,2.0,2.0,2.0,,,0.6,57.1,6.0,185.0,0.6,2.0,0.02,0.1,1.8,0.8,0.06,1.2,,,,1.2,37.0,0.2,35.3,0.8,24.0,,,,,6.78,0.0,0.2,1.6,,,1.0,62.0,2.0,0.6,,,7.0,0.2,0.5,5.0,2793,32,BRA,0.0,0.0,0.0,0.0
Mykhaylo Mudryk,Chelsea,0.8,77.8,20.9,76.9,6.0,2.0,4.0,,,2.2,55.7,0.3,6.0,3.2,2.0,0.18,0.1,4.4,4.1,0.25,1.3,,,5.0,0.5,9.0,0.7,34.3,0.1,1.0,,,2.0,1.5,6.94,0.0,0.3,1.0,,,0.7,57.1,2.0,3.2,5.0,0.0,32.0,1.8,2.0,5.0,1578,31,UKR,14.3,5.0,0.29,0.0
Nathan Aké,Manchester City,0.8,33.3,72.3,92.8,3.0,2.0,2.0,,,0.2,62.5,2.3,52.0,1.1,2.0,0.05,0.1,2.5,2.3,0.11,0.4,,,2.0,0.6,14.0,0.2,25.0,0.1,2.0,,,,,7.27,0.0,0.3,2.4,,,0.7,61.5,2.0,1.1,2.0,0.0,10.0,0.4,0.9,0.0,2044,29,NED,10.0,2.0,0.09,
Nathan Collins,Brentford,2.3,38.1,40.6,81.5,5.0,1.0,3.0,,,0.4,84.6,4.4,129.0,1.1,1.0,0.04,0.0,2.1,0.9,0.07,0.4,,,1.0,1.5,44.0,0.1,20.0,1.0,30.0,,,,,6.69,0.0,,,,,0.7,52.6,1.0,1.1,1.0,0.0,11.0,0.4,0.3,3.0,2649,32,IRL,10.0,1.0,0.03,0.0
Nathan Patterson,Everton,2.4,42.9,26.8,73.0,3.0,2.0,1.0,,,0.6,41.2,2.5,28.0,1.0,2.0,0.09,0.2,0.3,,0.03,1.6,,,,0.8,9.0,,,0.3,3.0,,,,,,,0.6,2.2,,,2.2,70.6,2.0,1.0,,,8.0,0.7,0.4,4.0,999,20,SCO,0.0,0.0,0.0,0.0
Nathaniel Clyne,Crystal Palace,1.8,43.3,30.2,84.2,,,,,,0.5,57.1,1.9,28.0,0.2,0.0,0.01,0.0,0.2,,0.01,0.4,,,,0.7,10.0,,,0.4,6.0,,,,,,,0.3,1.3,,,1.0,62.5,,,,,3.0,0.2,0.3,0.0,1337,19,ENG,0.0,0.0,0.0,
Nayef Aguerd,West Ham United,5.0,39.5,45.4,80.5,,,2.0,,,0.1,60.0,3.9,80.0,0.4,0.0,0.02,0.0,1.6,1.3,0.08,0.5,,,1.0,0.8,17.0,0.2,28.6,1.2,24.0,1.0,21.0,,,6.56,0.0,,,,,0.7,53.8,,,1.0,0.0,4.0,0.2,0.7,1.0,1859,21,MAR,7.1,1.0,0.05,1.0
Neal Maupay,Brentford,1.0,64.0,18.5,73.6,5.0,3.0,7.0,,,0.6,31.0,0.3,4.0,2.3,3.0,0.14,0.2,7.2,8.8,0.46,1.3,,,6.0,0.1,2.0,1.3,47.6,,,,,,,6.61,0.0,1.1,1.7,,,0.4,70.0,3.0,2.3,6.0,0.0,16.0,1.0,2.7,8.0,1424,31,FRA,14.3,6.0,0.38,0.0
Neco Williams,Nottingham Forest,1.2,24.4,23.8,72.4,1.0,1.0,,,,1.0,51.4,2.4,43.0,1.7,1.0,0.09,0.1,0.8,0.3,0.05,1.3,,,,1.2,22.0,0.2,26.7,0.7,13.0,,,,,6.85,0.0,0.4,1.5,,,2.2,58.0,1.0,1.7,,,11.0,0.6,0.8,4.0,1634,26,WAL,0.0,0.0,0.0,0.0
Neto,Bournemouth,,,17.0,60.2,,,,7.0,55.0,0.1,100.0,1.2,38.0,0.0,0.0,0.0,0.0,,,,0.0,1.7,55.0,,0.0,1.0,,,,,,,,,6.67,0.0,,,3.6,115.0,,,,,,,,,,5.0,2880,32,BRA,,,,0.0
Nick Pope,Newcastle United,,,,,,,,5.0,16.0,,,,,0.0,0.0,,,0.0,,,,,,,,,,,,,,,,,,,,,,,,,,,,,,,,,1346,15,ENG,,0.0,,0.0
Nicolas Jackson,Chelsea,0.4,61.1,16.5,78.0,8.0,5.0,24.0,,,1.7,59.3,0.5,17.0,2.9,5.0,0.09,0.2,18.6,15.9,0.6,0.9,,,14.0,0.1,4.0,1.3,51.2,0.2,5.0,,,,,7.18,2.0,0.8,1.3,,,0.4,61.9,5.0,2.9,14.0,0.0,39.0,1.3,2.6,10.0,2804,35,SEN,17.5,14.0,0.45,0.0
Nicolás Dominguez,Nottingham Forest,1.6,50.9,42.4,85.4,2.0,2.0,1.0,,,0.4,46.7,1.4,23.0,1.3,2.0,0.08,0.1,1.3,1.6,0.08,1.6,,,2.0,1.1,18.0,0.4,27.3,0.3,5.0,,,,,6.93,1.0,0.5,3.1,,,2.0,54.0,2.0,1.3,2.0,0.0,10.0,0.6,1.3,4.0,1503,26,ARG,9.1,2.0,0.12,0.0
Noni Madueke,Chelsea,0.8,75.0,34.4,88.5,2.0,2.0,,,,3.2,50.0,1.0,12.0,2.0,2.0,0.17,0.2,2.5,3.6,0.21,0.7,,,5.0,0.3,4.0,1.1,40.6,,,,,2.0,1.6,7.1,1.0,0.3,2.0,,,0.9,62.5,2.0,2.0,5.0,1.0,20.0,1.7,2.7,2.0,1053,23,ENG,15.6,5.0,0.43,0.0
Nélson Semedo,Wolverhampton Wanderers,1.4,33.1,35.7,80.9,2.0,1.0,2.0,,,1.5,63.7,2.3,78.0,1.8,1.0,0.05,0.0,1.3,0.8,0.04,1.4,,,,1.0,36.0,0.1,23.5,0.2,8.0,2.0,36.0,,,6.93,0.0,0.4,1.8,,,1.4,60.8,1.0,1.8,,,24.0,0.7,0.5,11.0,3092,36,POR,0.0,0.0,0.0,1.0
Odsonne Edouard,Crystal Palace,0.2,42.9,14.3,73.3,1.0,0.0,6.0,,,1.1,44.2,1.0,18.0,1.1,0.0,0.06,0.0,6.2,6.8,0.36,1.8,,,7.0,0.3,6.0,1.1,37.3,0.1,1.0,,,,,6.75,2.0,0.6,1.0,,,0.7,50.0,,,7.0,0.0,18.0,1.0,3.0,4.0,1552,30,FRA,13.7,7.0,0.41,0.0
Ola Aina,Nottingham Forest,1.1,42.6,26.8,79.9,,,,,,1.4,65.9,2.2,41.0,1.0,1.0,0.05,0.1,0.3,0.4,0.01,1.0,,,1.0,1.0,18.0,0.1,9.1,0.2,3.0,1.0,22.0,,,6.91,0.0,0.4,1.5,,,1.6,66.0,1.0,1.0,1.0,0.0,11.0,0.6,0.6,3.0,1700,22,NGA,9.1,1.0,0.05,0.0
Oleksandr Zinchenko,Arsenal,2.8,63.1,65.9,89.4,5.0,2.0,,,,0.4,58.3,1.1,22.0,2.9,2.0,0.15,0.1,0.6,0.5,0.03,0.4,,,1.0,1.0,20.0,0.2,17.6,0.2,3.0,,,,,7.22,1.0,0.3,2.3,,,1.6,60.0,2.0,2.9,1.0,0.0,29.0,1.5,0.9,2.0,1722,27,UKR,5.9,1.0,0.05,0.0
Oliver McBurnie,Sheffield United,0.1,20.0,16.8,60.3,3.0,3.0,7.0,,,0.4,37.5,2.0,28.0,2.0,3.0,0.14,0.2,6.9,6.8,0.48,1.3,,,6.0,0.4,5.0,1.2,51.5,0.1,2.0,,,1.0,1.9,6.79,1.0,0.5,1.3,,,0.5,41.2,3.0,2.0,6.0,2.0,12.0,0.8,2.3,3.0,1283,21,SCO,18.2,6.0,0.42,2.0
Oliver Norwood,Sheffield United,4.3,34.3,38.8,72.2,1.0,0.0,,,,0.1,50.0,2.3,36.0,1.2,0.0,0.08,0.0,1.1,1.7,0.07,0.9,,,1.0,1.3,21.0,0.4,40.0,0.6,9.0,1.0,27.0,,,6.81,1.0,0.4,2.7,,,1.6,63.4,,,1.0,1.0,17.0,1.1,0.9,8.0,1433,27,NIR,6.7,1.0,0.06,0.0
Ollie Arblaster,Sheffield United,,,,,1.0,0.0,,,,,,,,0.9,0.0,,,0.0,0.1,,,,,,,,,,,,,,,,,,,,,,,,,,,,11.0,1.0,,,946,12,ENG,,0.0,,0.0
Ollie Watkins,Aston Villa,0.1,27.3,12.7,76.8,11.0,13.0,22.0,,,0.7,45.6,0.5,19.0,4.2,13.0,0.12,0.4,16.9,18.9,0.47,0.6,,,19.0,0.1,4.0,1.3,43.9,0.1,4.0,,,2.0,1.1,7.4,7.0,0.5,1.0,,,0.2,58.3,13.0,4.2,19.0,0.0,45.0,1.3,3.0,4.0,3221,37,ENG,17.8,19.0,0.53,0.0
Orel Mangala,Nottingham Forest,1.3,63.9,32.6,88.6,,,1.0,,,0.7,50.0,1.6,28.0,0.3,0.0,0.02,0.0,0.8,0.0,0.05,1.3,,,1.0,1.5,26.0,0.1,10.0,0.3,6.0,,,,,6.64,0.0,0.2,2.1,,,0.7,48.1,,,1.0,0.0,6.0,0.3,0.6,6.0,1569,20,BEL,10.0,1.0,0.06,0.0
Pablo Sarabia,Wolverhampton Wanderers,1.7,49.3,32.9,77.1,9.0,7.0,4.0,,,0.9,43.6,0.3,6.0,4.9,7.0,0.25,0.4,6.8,6.9,0.35,1.1,,,4.0,0.5,10.0,0.9,39.1,0.1,1.0,,,,,6.98,1.0,0.8,2.2,,,0.7,65.0,7.0,4.9,4.0,2.0,51.0,2.6,2.4,5.0,1748,30,ESP,8.7,4.0,0.21,0.0
Pape Sarr,Tottenham Hotspur,1.2,70.0,50.3,88.7,2.0,3.0,3.0,,,0.8,52.8,1.2,28.0,2.1,3.0,0.09,0.1,3.4,3.6,0.15,1.4,,,3.0,1.3,31.0,0.6,38.9,0.2,5.0,,,,,7.08,2.0,1.1,3.2,,,1.0,70.6,3.0,2.1,3.0,0.0,20.0,0.9,1.6,9.0,2085,34,SEN,8.3,3.0,0.13,0.0
Pascal Gross,Brighton and Hove Albion,2.8,57.0,76.3,90.2,11.0,10.0,9.0,,,0.5,55.2,0.8,27.0,9.2,10.0,0.27,0.3,6.5,5.1,0.19,0.7,,,4.0,0.6,22.0,0.6,36.4,0.2,8.0,1.0,36.0,,,7.47,7.0,0.6,1.8,,,1.3,65.7,10.0,9.2,4.0,1.0,103.0,3.0,1.6,7.0,3114,36,GER,7.3,4.0,0.12,0.0
Pau Torres,Aston Villa,3.1,47.2,56.8,87.8,1.0,0.0,3.0,,,0.6,65.4,2.7,74.0,0.7,0.0,0.03,0.0,1.0,1.0,0.04,0.7,,,2.0,0.5,14.0,0.2,41.7,0.4,12.0,,,,,6.93,1.0,0.1,1.5,,,0.7,62.1,,,2.0,0.0,8.0,0.3,0.4,1.0,2463,29,ESP,16.7,2.0,0.07,0.0
Pedro Neto,Wolverhampton Wanderers,1.0,58.6,29.1,83.4,7.0,9.0,2.0,,,2.2,46.8,0.1,2.0,3.7,9.0,0.22,0.5,3.5,2.3,0.21,0.9,,,2.0,0.3,5.0,0.7,33.3,0.1,1.0,,,1.0,1.2,7.3,1.0,0.7,2.8,,,0.2,42.9,9.0,3.7,2.0,0.0,38.0,2.3,2.1,4.0,1518,20,POR,5.6,2.0,0.12,0.0
Pedro Porro,Tottenham Hotspur,2.2,43.3,43.2,79.6,13.0,7.0,2.0,,,0.8,52.0,2.3,80.0,6.0,7.0,0.18,0.2,3.0,2.4,0.09,1.1,,,3.0,1.0,34.0,0.3,22.6,0.5,18.0,1.0,35.0,,,7.38,3.0,0.4,2.1,,,1.8,69.2,7.0,6.0,3.0,0.0,51.0,1.5,1.5,3.0,3092,35,ESP,5.7,3.0,0.09,0.0
Pelly-Ruddock Mpanzu,Luton Town,1.3,43.2,21.2,74.9,1.0,0.0,1.0,,,0.7,60.0,1.3,16.0,1.4,0.0,0.11,0.0,0.6,0.2,0.05,0.7,,,,0.7,9.0,0.1,9.1,0.6,7.0,,,,,6.21,0.0,0.3,2.1,,,0.4,38.5,,,,,6.0,0.5,0.9,1.0,1093,27,COD,0.0,0.0,0.0,0.0
Pervis Estupinán,Brighton and Hove Albion,0.9,59.1,52.6,88.7,4.0,3.0,1.0,,,0.7,50.0,1.4,20.0,2.3,3.0,0.17,0.2,1.0,1.0,0.07,1.6,,,2.0,1.5,21.0,0.4,54.5,0.3,4.0,,,,,,,0.7,3.0,,,0.9,50.0,3.0,2.3,2.0,0.0,26.0,1.9,0.8,4.0,1244,19,ECU,18.2,2.0,0.14,0.0
Phil Foden,Manchester City,1.3,62.7,46.7,89.1,10.0,8.0,7.0,,,1.5,50.5,0.5,16.0,6.9,8.0,0.22,0.3,10.3,16.3,0.32,0.4,,,19.0,0.4,13.0,1.5,45.7,,,1.0,35.0,,,7.83,10.0,1.1,1.9,,,0.6,64.5,8.0,6.9,19.0,0.0,73.0,2.3,3.3,2.0,2865,35,ENG,18.1,19.0,0.6,0.0
Philip Billing,Bournemouth,1.1,58.6,25.4,78.4,7.0,2.0,1.0,,,0.8,40.0,1.7,27.0,2.1,2.0,0.14,0.1,2.5,2.1,0.16,1.2,,,2.0,1.3,20.0,0.5,26.7,0.3,5.0,,,,,6.65,0.0,0.5,3.0,,,1.0,48.5,2.0,2.1,2.0,0.0,23.0,1.5,1.9,3.0,1393,29,DEN,6.7,2.0,0.13,1.0
Pierre-Emile Højbjerg,Tottenham Hotspur,5.2,67.0,85.3,88.6,3.0,0.0,,,,0.8,54.5,1.9,27.0,1.5,0.0,0.11,0.0,0.7,1.2,0.05,1.4,,,,1.3,19.0,0.4,31.6,0.5,7.0,,,,,6.62,0.0,1.0,4.4,,,1.3,56.3,,,,,9.0,0.6,1.3,4.0,1293,36,DEN,0.0,0.0,0.0,0.0
Raheem Sterling,Chelsea,0.3,66.7,23.7,79.3,7.0,4.0,11.0,,,2.0,39.1,0.4,8.0,4.3,4.0,0.2,0.2,6.5,8.1,0.29,1.5,,,8.0,0.6,13.0,1.0,43.1,,,,,3.0,1.9,6.97,2.0,1.0,2.0,,,0.5,47.6,4.0,4.3,8.0,0.0,30.0,1.4,2.3,7.0,1981,31,ENG,15.7,8.0,0.36,0.0
Raphaël Varane,Manchester United,1.9,45.3,45.4,89.3,,,,,,0.1,50.0,5.6,86.0,0.6,0.0,0.04,0.0,1.3,0.8,0.08,0.5,,,1.0,1.0,15.0,0.1,25.0,1.2,18.0,,,,,6.76,0.0,0.1,1.8,,,0.7,61.1,,,1.0,0.0,1.0,0.1,0.5,2.0,1371,22,FRA,12.5,1.0,0.07,0.0
Rasmus Højlund,Manchester United,0.4,100.0,12.5,77.0,,,13.0,,,0.7,50.0,0.8,19.0,0.9,2.0,0.04,0.1,7.6,9.3,0.32,0.8,,,10.0,0.0,1.0,0.9,55.3,0.0,1.0,1.0,30.0,,,6.83,2.0,0.8,1.2,,,0.3,63.6,2.0,0.9,10.0,0.0,28.0,1.2,1.6,2.0,2169,30,DEN,26.3,10.0,0.41,0.0
Raul Jiménez,Fulham,0.8,52.2,16.7,69.7,3.0,0.0,4.0,,,0.6,45.5,0.8,13.0,1.0,0.0,0.06,0.0,5.2,5.7,0.33,1.1,,,7.0,0.3,4.0,1.1,41.5,0.2,3.0,,,,,6.67,0.0,0.8,1.2,,,0.8,66.7,,,7.0,0.0,11.0,0.7,2.6,3.0,1402,24,MEX,17.1,7.0,0.45,1.0
Rayan Ait Nouri,Wolverhampton Wanderers,0.9,42.6,34.5,86.6,3.0,1.0,5.0,,,2.4,61.4,1.2,31.0,1.7,1.0,0.07,0.0,3.3,2.6,0.13,1.0,,,2.0,0.6,15.0,0.3,33.3,0.2,6.0,1.0,33.0,1.0,2.0,6.97,1.0,0.3,1.7,,,1.7,62.0,1.0,1.7,2.0,0.0,25.0,1.0,0.9,7.0,2344,33,ALG,8.3,2.0,0.08,0.0
Reece Burke,Luton Town,1.9,33.3,28.7,77.5,3.0,4.0,3.0,,,0.2,66.7,4.0,73.0,0.9,4.0,0.05,0.2,1.3,1.2,0.07,1.1,,,,1.0,18.0,0.2,30.8,1.0,18.0,1.0,22.0,,,6.7,0.0,0.1,1.3,,,1.2,62.2,4.0,0.9,,,13.0,0.7,0.7,5.0,1663,22,ENG,0.0,0.0,0.0,0.0
Richarlison,Tottenham Hotspur,0.4,70.0,16.0,70.9,3.0,4.0,7.0,,,0.6,30.3,1.4,23.0,1.4,4.0,0.09,0.2,9.6,8.5,0.58,1.2,,,11.0,0.5,8.0,1.5,40.3,0.4,6.0,,,,,6.99,1.0,0.8,0.6,,,0.7,68.8,4.0,1.4,11.0,0.0,15.0,0.9,3.7,3.0,1492,28,BRA,17.7,11.0,0.66,0.0
Robert Sánchez,Chelsea,,,,,,,,3.0,25.0,,,,,0.0,0.0,,,,,,,,,,,,,,,,,,,,,,,,,,,,,,,,,,,,1434,16,ESP,,,,0.0
Rodri,Manchester City,7.4,80.6,102.9,92.5,8.0,9.0,2.0,,,1.3,75.0,1.2,40.0,6.1,9.0,0.19,0.3,4.1,4.7,0.12,1.3,,,8.0,0.8,26.0,0.7,35.5,0.2,8.0,,,1.0,1.1,8.12,6.0,1.0,4.0,,,1.3,61.4,9.0,6.1,8.0,0.0,49.0,1.5,1.9,8.0,2938,34,ESP,12.9,8.0,0.25,1.0
Rodrigo Bentancur,Tottenham Hotspur,1.8,76.9,60.1,85.5,,,1.0,,,1.0,57.9,1.4,16.0,1.1,1.0,0.09,0.1,1.9,0.7,0.17,1.8,,,1.0,1.5,17.0,0.4,27.8,0.4,4.0,,,,,6.62,0.0,0.4,3.2,,,1.3,65.2,1.0,1.1,1.0,0.0,8.0,0.7,1.6,7.0,1007,23,URU,5.6,1.0,0.09,0.0
Rodrigo Muniz,Fulham,0.4,63.6,7.7,62.1,2.0,1.0,4.0,,,0.3,27.8,1.1,20.0,0.9,1.0,0.05,0.1,8.7,8.7,0.49,1.4,,,9.0,0.3,6.0,1.5,37.0,0.2,3.0,,,,,6.84,2.0,0.6,1.1,,,0.2,42.9,1.0,0.9,9.0,0.0,18.0,1.0,4.1,1.0,1597,26,BRA,12.3,9.0,0.51,0.0
Ross Barkley,Luton Town,3.0,60.3,40.9,84.5,6.0,4.0,1.0,,,2.3,66.0,1.6,48.0,2.7,4.0,0.09,0.1,4.1,4.6,0.14,0.9,,,5.0,0.9,25.0,0.7,28.8,0.3,9.0,,,,,7.32,2.0,0.8,3.5,,,0.7,40.4,4.0,2.7,5.0,0.0,44.0,1.5,2.3,6.0,2622,32,ENG,7.6,5.0,0.17,0.0
Ruben Dias,Manchester City,3.0,60.4,86.4,94.1,1.0,0.0,3.0,,,,,2.6,75.0,1.9,0.0,0.07,0.0,1.4,0.8,0.05,0.8,,,,1.1,30.0,0.3,40.0,0.6,17.0,1.0,30.0,,,7.14,0.0,0.2,1.6,,,0.7,51.3,,,,,7.0,0.2,0.7,0.0,2557,30,POR,0.0,0.0,0.0,
Ryan Christie,Bournemouth,2.7,54.0,29.8,79.3,10.0,5.0,,,,1.6,55.4,1.5,50.0,5.4,5.0,0.17,0.2,2.3,1.7,0.07,1.5,,,,1.6,52.0,0.4,30.2,0.3,11.0,1.0,37.0,,,7.08,3.0,0.7,3.8,,,1.4,51.2,5.0,5.4,,,55.0,1.7,1.3,6.0,2918,37,SCO,0.0,0.0,0.0,0.0
Ryan Gravenberch,Liverpool,0.5,60.0,33.0,83.4,1.0,0.0,1.0,,,1.8,51.1,0.9,11.0,1.4,0.0,0.11,0.0,2.0,1.4,0.16,1.6,,,1.0,1.1,14.0,0.6,34.8,0.2,2.0,,,,,6.81,0.0,1.0,3.2,,,1.0,46.2,,,1.0,0.0,16.0,1.3,1.8,0.0,1121,26,NED,4.4,1.0,0.08,
Ryan Yates,Nottingham Forest,1.3,44.6,29.7,80.3,2.0,1.0,2.0,,,0.2,50.0,1.8,39.0,0.6,1.0,0.03,0.0,3.0,1.7,0.14,2.4,,,1.0,1.0,21.0,0.3,21.9,0.7,15.0,,,,,6.64,1.0,0.4,2.2,,,1.8,59.1,1.0,0.6,1.0,0.0,7.0,0.3,1.5,6.0,1986,35,ENG,3.1,1.0,0.05,0.0
Sam Johnstone,Crystal Palace,,,14.1,52.9,,,,6.0,27.0,,,0.7,13.0,0.0,0.0,0.0,0.0,,,,0.1,1.4,27.0,,0.1,1.0,,,,,1.0,20.0,,,6.56,3.0,,,2.1,41.0,,,,,,,,,,1.0,1797,20,ENG,,,,0.0
Sander Berge,Burnley,2.5,71.6,41.2,88.8,5.0,2.0,2.0,,,0.6,55.6,1.7,58.0,1.6,2.0,0.05,0.1,1.9,0.4,0.06,1.2,,,1.0,0.7,23.0,0.1,12.0,0.6,20.0,,,,,6.88,1.0,0.5,3.0,,,1.4,60.5,2.0,1.6,1.0,0.0,29.0,0.9,0.7,8.0,3005,37,NOR,4.0,1.0,0.03,1.0
Sasa Lukic,Fulham,0.9,52.4,34.4,87.5,,,2.0,,,0.4,62.5,1.4,18.0,0.5,0.0,0.04,0.0,1.6,1.4,0.13,2.2,,,1.0,1.3,16.0,0.2,23.1,0.4,5.0,,,,,6.62,0.0,0.1,3.0,,,1.5,57.6,,,1.0,0.0,11.0,0.9,1.0,3.0,1119,24,SRB,7.7,1.0,0.08,0.0
Scott McTominay,Manchester United,0.9,60.0,24.9,81.5,2.0,1.0,6.0,,,0.4,44.4,2.6,54.0,0.5,1.0,0.02,0.0,5.7,6.1,0.27,1.4,,,7.0,0.7,14.0,0.9,43.2,0.6,12.0,1.0,32.0,,,6.88,1.0,0.1,2.4,,,1.2,51.0,1.0,0.5,7.0,0.0,11.0,0.5,2.1,2.0,1891,32,SCO,15.9,7.0,0.33,0.0
Sean Longstaff,Newcastle United,1.4,53.7,32.1,80.9,5.0,2.0,7.0,,,0.4,50.0,0.7,22.0,3.0,2.0,0.1,0.1,6.6,6.2,0.22,0.8,,,6.0,0.6,17.0,0.5,36.6,0.2,7.0,,,,,6.98,0.0,0.5,2.0,,,1.0,55.6,2.0,3.0,6.0,0.0,20.0,0.7,1.3,7.0,2746,35,ENG,14.6,6.0,0.2,0.0
Sergio Reguilon,Brentford,1.3,36.5,28.7,75.7,6.0,4.0,,,,0.9,51.6,2.2,38.0,2.9,4.0,0.17,0.2,0.9,0.1,0.06,0.8,,,,1.2,21.0,0.1,11.8,0.4,6.0,1.0,25.0,,,7.12,1.0,0.4,2.2,,,1.6,48.3,4.0,2.9,,,28.0,1.6,1.0,7.0,1534,25,ESP,0.0,0.0,0.0,1.0
Simon Adingra,Brighton and Hove Albion,0.6,42.4,24.5,81.1,6.0,1.0,4.0,,,2.0,43.9,0.9,22.0,3.5,1.0,0.14,0.0,4.3,6.4,0.17,1.2,,,6.0,0.8,19.0,0.9,42.3,0.0,1.0,,,1.0,0.8,7.09,3.0,0.7,1.9,,,0.8,44.4,1.0,3.5,6.0,0.0,33.0,1.3,2.1,3.0,2230,31,CIV,11.5,6.0,0.24,0.0
Sofyan Amrabat,Manchester United,3.4,79.5,54.9,88.1,,,,,,0.6,75.0,1.8,19.0,0.4,0.0,0.04,0.0,0.1,,0.01,2.3,,,,0.8,8.0,,,0.7,7.0,,,,,,,0.5,2.6,,,1.5,59.3,,,,,6.0,0.6,0.3,6.0,931,21,MAR,0.0,0.0,0.0,0.0
Sven Botman,Newcastle United,,,,,2.0,2.0,,,,,,,,0.6,2.0,,,0.6,0.8,,,,,,,,,,,,1.0,17.0,,,,,,,,,,,2.0,0.6,2.0,0.0,5.0,0.3,,,1378,17,NED,,2.0,,0.0
Tahith Chong,Luton Town,0.7,45.5,18.5,81.8,,,1.0,,,1.1,43.9,0.5,10.0,1.4,0.0,0.06,0.0,2.7,2.7,0.12,1.0,,,4.0,0.4,8.0,0.3,22.6,0.3,6.0,,,,,6.57,0.0,0.5,2.1,,,1.0,61.1,,,4.0,0.0,10.0,0.5,1.4,4.0,1986,33,NED,12.9,4.0,0.18,0.0
Taiwo Awoniyi,Nottingham Forest,0.2,66.7,10.9,73.8,2.0,3.0,4.0,,,0.7,53.3,0.8,9.0,0.9,3.0,0.08,0.3,4.7,5.4,0.41,0.8,,,6.0,0.1,1.0,0.9,50.0,0.2,2.0,,,,,,,0.5,1.6,,,0.6,77.8,3.0,0.9,6.0,0.0,10.0,0.9,1.9,2.0,1046,20,NGA,27.3,6.0,0.52,0.0
Takehiro Tomiyasu,Arsenal,1.3,42.1,40.9,85.5,,,3.0,,,0.3,36.4,2.4,30.0,0.8,1.0,0.07,0.1,1.6,1.0,0.12,1.1,,,2.0,1.4,18.0,0.2,17.6,0.3,4.0,,,,,6.83,0.0,0.6,1.4,,,0.7,45.0,1.0,0.8,2.0,0.0,6.0,0.5,1.3,0.0,1143,22,JPN,11.8,2.0,0.16,1.0
Tariq Lamptey,Brighton and Hove Albion,0.7,63.6,32.2,87.9,1.0,3.0,1.0,,,0.6,42.9,0.5,5.0,0.8,3.0,0.08,0.3,0.6,,0.06,1.1,,,,0.6,6.0,,,0.3,3.0,1.0,19.0,,,,,0.3,1.0,,,1.4,66.7,3.0,0.8,,,10.0,1.0,0.6,3.0,912,19,GHA,0.0,0.0,0.0,0.0
Teden Mengi,Luton Town,2.6,38.9,26.5,78.2,,,1.0,,,0.3,70.0,5.0,136.0,0.6,0.0,0.02,0.0,0.6,1.0,0.02,1.3,,,1.0,2.1,57.0,0.1,36.4,1.0,27.0,1.0,30.0,,,6.54,0.0,0.1,2.0,,,0.8,40.7,,,1.0,0.0,6.0,0.2,0.4,3.0,2470,30,ENG,9.1,1.0,0.04,0.0
Thiago Silva,Chelsea,3.4,65.8,77.0,94.9,3.0,1.0,,,,0.1,100.0,5.3,150.0,0.6,1.0,0.02,0.0,0.8,1.1,0.03,0.4,,,3.0,0.9,26.0,0.1,28.6,0.9,24.0,,,,,7.01,0.0,,,,,0.5,51.7,1.0,0.6,3.0,0.0,9.0,0.3,0.5,4.0,2527,31,BRA,21.4,3.0,0.11,0.0
Thomas Doyle,Wolverhampton Wanderers,5.6,57.3,58.4,86.4,1.0,0.0,,,,0.1,50.0,1.3,17.0,0.9,0.0,0.07,0.0,0.4,0.7,0.03,0.8,,,,0.9,12.0,0.2,21.4,0.7,9.0,,,,,6.67,0.0,0.4,3.6,,,1.0,50.0,,,,,8.0,0.6,1.0,2.0,1213,26,ENG,0.0,0.0,0.0,0.0
Thomas Kaminski,Luton Town,,,19.1,55.0,,,,2.0,85.0,0.1,100.0,0.6,22.0,0.1,0.0,0.0,0.0,,,,,2.2,85.0,,,,,,,,,,,,6.47,1.0,0.0,0.1,3.8,145.0,0.0,50.0,,,,,1.0,0.0,,,3406,38,BEL,,,,0.0
Tim Ream,Fulham,,,,,,,,,,,,,,0.1,0.0,,,1.0,1.0,,,,,,,,,,,,2.0,18.0,,,,,,,,,,,,,1.0,0.0,,,,2.0,1504,18,USA,,1.0,,1.0
Timothy Castagne,Fulham,1.7,43.6,37.5,81.3,1.0,3.0,1.0,,,0.6,63.0,1.9,57.0,1.8,3.0,0.06,0.1,1.6,0.7,0.06,0.8,,,1.0,1.3,38.0,0.2,35.7,0.3,10.0,,,,,6.86,0.0,0.3,1.3,,,0.8,49.0,3.0,1.8,1.0,0.0,18.0,0.6,0.5,3.0,2633,34,BEL,7.1,1.0,0.03,0.0
Tom Cairney,Fulham,2.5,58.6,68.4,90.3,5.0,4.0,,,,1.6,83.9,0.4,6.0,2.5,4.0,0.15,0.2,1.1,1.5,0.07,1.0,,,1.0,0.8,13.0,0.5,47.1,0.2,4.0,,,1.0,1.4,6.88,1.0,0.7,3.1,,,1.0,66.7,4.0,2.5,1.0,0.0,26.0,1.6,1.0,3.0,1475,34,SCO,5.9,1.0,0.06,0.0
Tom Lockyer,Luton Town,,,,,1.0,1.0,2.0,,,,,,,0.3,1.0,,,1.1,0.9,,,,,,,,,,,,1.0,14.0,,,,,,,,,,,1.0,0.3,1.0,0.0,3.0,0.2,,,1171,14,WAL,14.3,1.0,,0.0
Tomas Soucek,West Ham United,1.0,44.9,22.5,75.7,4.0,2.0,11.0,,,0.1,36.4,3.4,107.0,1.2,2.0,0.04,0.1,6.9,6.9,0.22,1.3,,,7.0,1.2,37.0,0.5,34.9,0.9,28.0,1.0,37.0,,,6.95,0.0,0.2,2.3,,,1.1,66.0,2.0,1.2,7.0,0.0,20.0,0.6,1.3,7.0,2874,37,CZE,16.3,7.0,0.22,0.0
Tosin Adarabioyo,Fulham,4.0,52.6,57.1,84.7,,,1.0,,,0.1,100.0,4.5,80.0,0.3,0.0,0.02,0.0,0.7,1.1,0.04,0.6,,,2.0,1.4,25.0,0.3,35.7,0.6,11.0,,,,,,,,,,,0.6,52.4,,,2.0,0.0,2.0,0.1,0.8,2.0,1617,20,ENG,14.3,2.0,0.11,0.0
Toti Gomes,Wolverhampton Wanderers,1.5,28.0,46.0,82.8,2.0,3.0,3.0,,,0.7,82.1,2.8,87.0,0.6,3.0,0.02,0.1,1.6,1.3,0.05,1.2,,,1.0,0.8,26.0,0.2,50.0,0.6,19.0,,,,,6.9,0.0,0.2,1.5,,,0.8,56.8,3.0,0.6,1.0,0.0,6.0,0.2,0.3,7.0,2774,35,POR,10.0,1.0,0.03,0.0
Trent Alexander-Arnold,Liverpool,6.1,44.4,55.9,79.6,17.0,4.0,2.0,,,1.2,57.1,1.8,42.0,6.1,4.0,0.25,0.2,2.6,1.7,0.11,0.4,,,3.0,1.3,31.0,0.3,17.0,0.1,2.0,,,,,7.57,4.0,0.6,3.4,,,1.1,66.7,4.0,6.1,3.0,0.0,64.0,2.7,2.0,6.0,2159,28,ENG,6.4,3.0,0.13,0.0
Trevoh Chalobah,Chelsea,,,,,,,,,,,,,,0.4,0.0,,,0.2,0.3,,,,,,,,,,,,,,,,,,,,,,,,,,1.0,0.0,2.0,0.2,,,950,13,ENG,,1.0,,0.0
Tyrick Mitchell,Crystal Palace,1.0,31.8,25.1,74.2,5.0,3.0,2.0,,,0.5,51.4,2.4,86.0,2.4,3.0,0.07,0.1,1.6,1.3,0.05,0.6,,,2.0,0.7,26.0,0.1,33.3,0.3,10.0,,,,,7.07,0.0,0.3,2.0,,,1.7,57.1,3.0,2.4,2.0,0.0,24.0,0.7,0.3,6.0,3208,37,ENG,16.7,2.0,0.06,0.0
Valentino Livramento,Newcastle United,0.9,37.1,40.4,86.8,1.0,0.0,1.0,,,1.2,68.0,2.6,37.0,0.8,0.0,0.06,0.0,0.4,1.1,0.03,0.2,,,1.0,1.7,25.0,0.1,50.0,0.5,7.0,,,,,6.72,0.0,0.3,2.2,,,0.9,56.5,,,1.0,0.0,12.0,0.8,0.3,1.0,1305,26,ENG,25.0,1.0,0.07,0.0
Victor Nilsson Lindelöf,Manchester United,1.8,49.1,53.0,89.5,,,,,,0.1,100.0,2.6,38.0,0.4,1.0,0.03,0.1,0.8,1.0,0.05,1.0,,,1.0,0.8,12.0,0.3,66.7,0.6,9.0,,,,,,,0.2,1.8,,,0.7,66.7,1.0,0.4,1.0,0.0,8.0,0.5,0.4,2.0,1332,19,SWE,16.7,1.0,0.07,0.0
Vinicius de Souza Costa,Sheffield United,1.3,42.4,26.5,80.3,,,,,,0.6,60.7,2.5,75.0,0.5,0.0,0.02,0.0,1.1,2.3,0.04,1.6,,,1.0,1.1,32.0,0.2,42.9,0.6,17.0,1.0,36.0,,,6.82,1.0,0.2,2.4,,,2.6,60.8,,,1.0,0.0,4.0,0.1,0.5,3.0,2672,36,BRA,7.1,1.0,0.03,0.0
Virgil van Dijk,Liverpool,4.4,62.4,74.4,91.5,3.0,2.0,3.0,,,0.1,50.0,4.0,142.0,1.0,2.0,0.03,0.1,2.9,2.3,0.08,0.7,,,2.0,1.1,39.0,0.4,31.1,1.0,34.0,,,,,7.39,0.0,0.0,2.4,,,0.7,57.5,2.0,1.0,2.0,0.0,11.0,0.3,1.3,3.0,3178,36,NED,4.4,2.0,0.06,1.0
Vitalii Mykolenko,Everton,2.0,40.3,24.1,74.9,2.0,0.0,1.0,,,0.7,62.1,3.0,82.0,1.1,0.0,0.04,0.0,1.5,1.6,0.06,0.8,,,2.0,1.3,36.0,0.2,19.2,0.4,11.0,,,,,7.06,2.0,0.1,2.0,,,1.4,55.1,,,2.0,0.0,13.0,0.5,0.9,1.0,2471,28,UKR,7.7,2.0,0.07,0.0
Vitaly Janelt,Brentford,1.8,45.5,30.6,79.9,5.0,3.0,2.0,,,0.2,53.3,1.7,57.0,3.7,3.0,0.11,0.1,1.8,2.3,0.05,0.8,,,1.0,1.1,36.0,0.2,33.3,0.3,9.0,,,1.0,0.8,7.08,1.0,0.5,2.6,,,1.1,60.3,3.0,3.7,1.0,0.0,37.0,1.1,0.6,8.0,3069,38,GER,4.8,1.0,0.03,0.0
Vitinho,Burnley,1.0,42.6,22.7,77.1,1.0,2.0,2.0,,,1.0,50.0,1.7,43.0,1.2,2.0,0.05,0.1,1.6,0.6,0.06,1.0,,,,0.5,12.0,0.2,16.0,0.2,6.0,2.0,32.0,1.0,1.1,6.44,0.0,0.4,1.7,,,1.3,53.1,2.0,1.2,,,11.0,0.4,1.0,1.0,2316,32,BRA,0.0,0.0,0.0,0.0
Vladimir Coufal,West Ham United,1.1,25.0,25.7,73.0,6.0,7.0,,,,0.3,38.7,2.4,83.0,3.0,7.0,0.09,0.2,0.3,0.5,0.01,0.9,,,,1.2,43.0,0.1,25.0,0.4,15.0,1.0,36.0,,,6.73,0.0,0.2,1.3,,,1.2,64.1,7.0,3.0,,,33.0,0.9,0.2,5.0,3136,36,CZE,0.0,0.0,0.0,1.0
Wataru Endo,Liverpool,1.5,57.1,60.4,88.4,2.0,0.0,,,,0.5,66.7,1.6,30.0,1.5,0.0,0.08,0.0,0.5,1.2,0.03,2.6,,,1.0,1.0,20.0,0.2,30.0,0.1,2.0,,,,,6.96,0.0,0.3,3.6,,,1.5,58.3,,,1.0,0.0,16.0,0.8,0.5,10.0,1719,29,JPN,10.0,1.0,0.05,0.0
Wesley Foderingham,Sheffield United,,,16.9,52.6,,,,1.0,79.0,0.1,100.0,1.0,29.0,0.1,0.0,0.0,0.0,,,,0.0,2.7,79.0,,,,,,,,,,,,6.44,1.0,,,4.5,133.0,0.1,60.0,,,,,1.0,0.0,,2.0,2648,30,ENG,,,,0.0
Will Hughes,Crystal Palace,0.5,27.8,34.2,85.2,2.0,1.0,,,,0.4,75.0,0.9,20.0,1.8,1.0,0.08,0.0,0.3,0.3,0.02,1.8,,,,1.0,22.0,0.1,37.5,0.7,14.0,,,,,6.78,0.0,0.6,2.9,,,1.6,54.1,1.0,1.8,,,21.0,1.0,0.4,6.0,1899,30,ENG,0.0,0.0,0.0,0.0
William Saliba,Arsenal,1.8,54.0,69.2,92.6,,,1.0,,,0.3,71.4,2.1,78.0,0.9,1.0,0.02,0.0,1.6,1.4,0.04,0.6,,,2.0,0.8,29.0,0.1,40.0,0.4,17.0,1.0,38.0,,,7.27,1.0,0.2,2.8,,,0.7,63.4,1.0,0.9,2.0,0.0,6.0,0.2,0.3,4.0,3420,38,FRA,20.0,2.0,0.05,0.0
Willian,Fulham,2.6,81.1,39.7,85.5,6.0,2.0,3.0,,,1.3,53.7,0.4,10.0,4.5,2.0,0.2,0.1,5.1,6.1,0.23,0.4,,,4.0,0.4,9.0,0.8,40.0,,,,,,,6.99,2.0,0.5,2.1,,,0.5,61.1,2.0,4.5,4.0,2.0,44.0,1.9,2.0,1.0,2054,31,BRA,8.9,4.0,0.18,0.0
Willy Boly,Nottingham Forest,1.9,32.6,29.4,77.1,4.0,1.0,2.0,,,0.2,60.0,5.4,86.0,0.8,1.0,0.05,0.1,1.5,2.5,0.09,1.2,,,2.0,1.6,25.0,0.4,42.9,1.3,21.0,,,,,7.07,0.0,0.1,1.1,,,1.8,63.0,1.0,0.8,2.0,0.0,9.0,0.6,0.9,1.0,1443,20,CIV,14.3,2.0,0.12,1.0
Wilson Odobert,Burnley,0.4,56.3,18.5,79.4,7.0,2.0,2.0,,,2.3,52.0,0.5,12.0,3.6,2.0,0.15,0.1,2.8,2.4,0.12,0.4,,,3.0,0.3,6.0,0.6,28.6,0.1,2.0,,,,,6.86,0.0,0.6,1.6,,,0.6,76.5,2.0,3.6,3.0,0.0,31.0,1.3,2.1,3.0,2107,29,FRA,6.1,3.0,0.13,0.0
Yoane Wissa,Brentford,0.4,57.1,11.6,73.2,7.0,3.0,12.0,,,0.7,46.5,0.5,13.0,2.0,3.0,0.07,0.1,10.6,9.1,0.38,1.4,,,12.0,0.3,9.0,0.9,38.8,0.1,3.0,,,1.0,1.8,7.07,2.0,0.9,1.5,,,0.6,57.1,3.0,2.0,12.0,0.0,30.0,1.1,2.4,7.0,2508,34,COD,17.9,12.0,0.43,0.0
Youri Tielemans,Aston Villa,2.0,66.7,43.3,86.0,5.0,6.0,1.0,,,0.8,60.0,0.4,8.0,2.2,6.0,0.12,0.3,1.3,1.1,0.07,1.2,,,2.0,0.8,15.0,0.3,42.9,0.2,3.0,,,,,6.98,1.0,0.9,2.3,,,1.1,48.8,6.0,2.2,2.0,0.0,18.0,1.0,0.8,3.0,1620,32,BEL,14.3,2.0,0.11,0.0
Yves Bissouma,Tottenham Hotspur,1.8,72.4,72.9,91.9,,,1.0,,,1.2,69.2,1.8,42.0,1.7,0.0,0.07,0.0,1.4,1.6,0.06,1.5,,,,1.6,37.0,0.2,20.8,0.2,5.0,,,,,7.06,0.0,0.6,2.9,,,2.2,65.0,,,,,11.0,0.5,1.0,9.0,2081,28,MLI,0.0,0.0,0.0,2.0
Zeki Amdouni,Burnley,0.8,64.3,18.0,80.9,2.0,1.0,6.0,,,1.3,38.2,0.5,10.0,1.3,1.0,0.06,0.0,5.8,6.1,0.27,1.0,,,5.0,0.4,9.0,1.0,44.9,0.5,10.0,,,1.0,1.8,6.6,1.0,0.6,2.0,,,0.8,66.7,1.0,1.3,5.0,1.0,16.0,0.7,2.2,2.0,1971,34,SUI,10.2,5.0,0.23,0.0
Álex Moreno,Aston Villa,1.1,68.4,29.6,83.3,1.0,0.0,1.0,,,1.3,46.9,2.9,33.0,1.0,0.0,0.09,0.0,1.4,1.6,0.12,1.0,,,2.0,1.1,13.0,0.3,50.0,0.2,2.0,,,,,,,0.2,0.8,,,1.0,66.7,,,2.0,0.0,11.0,1.0,0.7,2.0,1030,21,ESP,25.0,2.0,0.17,0.0
